model,timezero,v1_github_timestamp,v2_github_timestamp,v3_github_timestamp,in_zoltar
Auquan-SEIR,2020-05-18,05/18/20-17:29:33,,,v1
Auquan-SEIR,2020-05-24,05/25/20-17:00:46,,,v1
Auquan-SEIR,2020-05-31,06/01/20-09:27:46,,,v1
Auquan-SEIR,2020-06-07,06/08/20-12:13:18,,,v1
Auquan-SEIR,2020-06-15,06/15/20-16:38:31,,,v1
Auquan-SEIR,2020-06-21,06/22/20-13:09:00,,,v1
Auquan-SEIR,2020-06-28,06/29/20-14:36:39,07/01/20-11:02:03,,v2
Auquan-SEIR,2020-07-05,07/06/20-20:50:24,,,v1
Auquan-SEIR,2020-08-02,08/03/20-09:10:10,,,v1
Auquan-SEIR,2020-08-09,08/10/20-08:21:03,,,v1
Auquan-SEIR,2020-08-16,08/17/20-07:48:48,,,v1
Auquan-SEIR,2020-08-24,08/24/20-16:20:37,,,v1
BPagano-RtDriven,2020-10-04,10/07/20-01:17:32,,,v1
BPagano-RtDriven,2020-10-11,10/12/20-07:14:30,10/14/20-21:24:09,,v2
BPagano-RtDriven,2020-10-18,10/20/20-00:32:26,,,v1
BPagano-RtDriven,2020-10-25,10/26/20-18:33:25,,,v1
BPagano-RtDriven,2020-11-01,11/02/20-18:20:18,,,v1
BPagano-RtDriven,2020-11-08,11/09/20-11:35:21,,,v1
Caltech-CS156,2020-11-01,11/02/20-17:22:45,,,v1
Caltech-CS156,2020-11-08,11/09/20-14:10:15,,,v1
CDDEP-SEIR_MCMC,2020-07-05,07/15/20-16:58:03,,,v1
CDDEP-SEIR_MCMC,2020-07-12,07/15/20-16:58:03,,,v1
CDDEP-SEIR_MCMC,2020-07-19,07/20/20-16:47:13,,,v1
CDDEP-SEIR_MCMC,2020-07-26,07/27/20-18:43:20,,,v1
CDDEP-SEIR_MCMC,2020-08-02,08/03/20-14:49:18,,,v1
CDDEP-SEIR_MCMC,2020-08-09,08/10/20-18:32:31,,,v1
CDDEP-SEIR_MCMC,2020-08-16,08/17/20-21:44:38,,,v1
CEID-Walk,2020-08-09,08/10/20-15:47:43,,,v1
CEID-Walk,2020-08-16,08/16/20-20:36:17,,,v1
CEID-Walk,2020-08-23,08/23/20-11:46:51,,,v1
CEID-Walk,2020-08-30,08/30/20-17:47:07,,,v1
CEID-Walk,2020-09-06,09/07/20-17:48:40,,,v1
CEID-Walk,2020-09-13,09/14/20-00:14:07,,,v1
CEID-Walk,2020-09-20,09/20/20-20:06:41,,,v1
CEID-Walk,2020-09-27,09/28/20-11:57:47,,,v1
CEID-Walk,2020-10-04,10/04/20-21:56:14,,,v1
CEID-Walk,2020-10-11,10/12/20-07:12:54,,,v1
CEID-Walk,2020-10-18,10/18/20-17:30:25,,,v1
CEID-Walk,2020-10-25,10/26/20-09:48:07,,,v1
CEID-Walk,2020-11-01,11/02/20-09:36:33,,,v1
CEID-Walk,2020-11-09,11/09/20-14:09:03,,,v1
CMU-TimeSeries,2020-07-20,07/20/20-15:52:28,,,v1
CMU-TimeSeries,2020-07-27,07/27/20-18:19:01,,,v1
CMU-TimeSeries,2020-08-02,08/03/20-16:36:23,,,v1
CMU-TimeSeries,2020-08-10,08/10/20-18:34:02,,,v1
CMU-TimeSeries,2020-08-17,08/17/20-17:51:11,,,v1
CMU-TimeSeries,2020-08-24,08/24/20-18:17:52,,,v1
CMU-TimeSeries,2020-08-31,08/31/20-17:47:53,,,v1
CMU-TimeSeries,2020-09-07,09/07/20-16:05:55,,,v1
CMU-TimeSeries,2020-09-14,09/14/20-18:06:20,,,v1
CMU-TimeSeries,2020-09-21,09/21/20-17:58:00,,,v1
CMU-TimeSeries,2020-09-28,09/28/20-20:46:25,,,v1
CMU-TimeSeries,2020-10-05,10/06/20-04:40:14,,,v1
CMU-TimeSeries,2020-10-12,10/12/20-18:26:22,,,v1
CMU-TimeSeries,2020-10-19,10/19/20-23:16:40,,,v1
CMU-TimeSeries,2020-10-26,10/26/20-18:33:47,,,v1
CMU-TimeSeries,2020-11-02,11/02/20-20:58:38,,,v1
CMU-TimeSeries,2020-11-09,11/09/20-17:43:29,,,v1
Columbia_UNC-SurvCon,2020-07-05,07/06/20-20:53:32,,,v1
Columbia_UNC-SurvCon,2020-07-12,07/13/20-21:11:30,,,v1
Columbia_UNC-SurvCon,2020-07-19,07/20/20-13:57:46,,,v1
Columbia_UNC-SurvCon,2020-07-26,07/27/20-18:33:58,,,v1
Columbia_UNC-SurvCon,2020-08-02,08/03/20-11:31:41,,,v1
Columbia_UNC-SurvCon,2020-08-09,08/09/20-16:29:02,,,v1
Columbia_UNC-SurvCon,2020-08-16,08/16/20-23:23:42,,,v1
Columbia_UNC-SurvCon,2020-08-23,08/23/20-11:46:21,,,v1
Columbia_UNC-SurvCon,2020-08-30,08/30/20-17:47:27,,,v1
Columbia_UNC-SurvCon,2020-09-06,09/07/20-14:23:19,,,v1
Columbia_UNC-SurvCon,2020-09-13,09/14/20-17:43:22,,,v1
Columbia_UNC-SurvCon,2020-09-20,09/20/20-21:51:58,,,v1
Columbia_UNC-SurvCon,2020-09-27,09/28/20-01:28:56,,,v1
Columbia_UNC-SurvCon,2020-10-04,10/04/20-21:55:54,,,v1
Columbia_UNC-SurvCon,2020-10-11,10/12/20-07:15:32,,,v1
Columbia_UNC-SurvCon,2020-10-18,10/18/20-22:35:22,,,v1
Columbia_UNC-SurvCon,2020-10-25,10/26/20-02:33:17,,,v1
Columbia_UNC-SurvCon,2020-11-01,11/02/20-14:10:19,,,v1
Columbia_UNC-SurvCon,2020-11-08,11/08/20-17:38:39,,,v1
Covid19Sim-Simulator,2020-05-24,06/10/20-12:46:22,,,v1
Covid19Sim-Simulator,2020-05-31,06/10/20-12:46:22,,,v1
Covid19Sim-Simulator,2020-06-07,06/10/20-12:46:22,,,v1
Covid19Sim-Simulator,2020-06-14,06/16/20-07:18:49,,,v1
Covid19Sim-Simulator,2020-06-21,06/23/20-08:28:09,06/24/20-22:34:33,,v2
Covid19Sim-Simulator,2020-06-28,06/29/20-23:02:13,,,v1
Covid19Sim-Simulator,2020-07-05,07/07/20-17:23:04,,,v1
Covid19Sim-Simulator,2020-07-12,07/13/20-22:45:29,,,v1
Covid19Sim-Simulator,2020-07-19,07/21/20-08:36:51,,,v1
Covid19Sim-Simulator,2020-07-26,07/27/20-23:57:37,,,v1
Covid19Sim-Simulator,2020-08-02,08/04/20-03:32:19,,,v1
Covid19Sim-Simulator,2020-08-16,08/17/20-23:08:10,,,v1
Covid19Sim-Simulator,2020-08-23,08/24/20-22:56:12,,,v1
Covid19Sim-Simulator,2020-08-30,08/31/20-21:09:29,,,v1
Covid19Sim-Simulator,2020-09-06,09/10/20-12:33:49,,,v1
Covid19Sim-Simulator,2020-09-13,09/17/20-03:03:36,,,v1
Covid19Sim-Simulator,2020-09-20,09/21/20-11:04:54,,,v1
Covid19Sim-Simulator,2020-09-27,09/28/20-10:39:44,,,v1
Covid19Sim-Simulator,2020-10-04,10/05/20-11:22:44,,,v1
Covid19Sim-Simulator,2020-10-11,10/12/20-17:14:24,,,v1
Covid19Sim-Simulator,2020-10-18,10/19/20-13:01:09,,,v1
Covid19Sim-Simulator,2020-10-25,10/26/20-17:22:06,,,v1
Covid19Sim-Simulator,2020-11-01,11/02/20-14:12:01,,,v1
Covid19Sim-Simulator,2020-11-08,11/09/20-14:57:49,,,v1
CovidActNow-SEIR_CAN,2020-05-09,05/11/20-14:38:33,,,v1
CovidActNow-SEIR_CAN,2020-05-31,06/01/20-11:43:14,06/01/20-17:54:11,,v2
CovidActNow-SEIR_CAN,2020-06-07,06/08/20-18:01:55,,,v1
CovidActNow-SEIR_CAN,2020-06-14,06/15/20-15:37:41,,,v1
CovidActNow-SEIR_CAN,2020-06-21,06/22/20-21:17:44,,,v1
CovidActNow-SEIR_CAN,2020-07-05,07/07/20-17:21:51,,,v1
CovidAnalytics-DELPHI,2020-05-04,07/15/20-16:58:03,,,v1
CovidAnalytics-DELPHI,2020-05-10,07/15/20-16:58:03,,,v1
CovidAnalytics-DELPHI,2020-05-18,07/15/20-16:58:03,,,v1
CovidAnalytics-DELPHI,2020-05-25,07/15/20-16:58:03,,,v1
CovidAnalytics-DELPHI,2020-06-01,07/15/20-16:58:03,,,v1
CovidAnalytics-DELPHI,2020-06-08,07/15/20-16:58:03,,,v1
CovidAnalytics-DELPHI,2020-06-15,07/15/20-16:58:03,,,v1
CovidAnalytics-DELPHI,2020-06-22,07/15/20-16:58:03,,,v1
CovidAnalytics-DELPHI,2020-06-29,07/15/20-16:58:03,,,v1
CovidAnalytics-DELPHI,2020-07-06,07/15/20-16:58:03,,,v1
CovidAnalytics-DELPHI,2020-07-13,07/15/20-16:58:03,,,v1
CovidAnalytics-DELPHI,2020-07-20,07/20/20-16:53:09,,,v1
CovidAnalytics-DELPHI,2020-07-27,07/27/20-18:20:58,,,v1
CovidAnalytics-DELPHI,2020-08-03,08/03/20-14:52:22,,,v1
CovidAnalytics-DELPHI,2020-08-10,08/10/20-18:34:28,,,v1
CovidAnalytics-DELPHI,2020-08-17,08/17/20-17:52:31,,,v1
CovidAnalytics-DELPHI,2020-08-24,08/24/20-18:17:21,,,v1
CovidAnalytics-DELPHI,2020-08-31,08/31/20-17:20:51,,,v1
CovidAnalytics-DELPHI,2020-09-07,09/07/20-17:27:35,,,v1
CovidAnalytics-DELPHI,2020-09-14,09/14/20-18:01:22,,,v1
CovidAnalytics-DELPHI,2020-09-21,09/21/20-18:02:25,,,v1
CovidAnalytics-DELPHI,2020-09-28,09/28/20-17:19:04,,,v1
CovidAnalytics-DELPHI,2020-10-05,10/06/20-04:38:14,,,v1
CovidAnalytics-DELPHI,2020-10-12,10/12/20-20:58:34,,,v1
CovidAnalytics-DELPHI,2020-10-19,10/19/20-20:08:33,,,v1
CovidAnalytics-DELPHI,2020-10-26,10/26/20-18:32:46,10/26/20-23:24:32,,v2
CovidAnalytics-DELPHI,2020-11-02,11/02/20-18:11:09,,,v1
CovidAnalytics-DELPHI,2020-11-09,11/09/20-18:23:28,,,v1
COVIDhub-baseline,2020-05-04,07/06/20-21:48:04,,,v1
COVIDhub-baseline,2020-05-11,07/06/20-21:48:04,,,v1
COVIDhub-baseline,2020-05-18,07/06/20-21:48:04,,,v1
COVIDhub-baseline,2020-05-25,07/06/20-21:48:04,,,v1
COVIDhub-baseline,2020-06-01,07/06/20-21:48:04,,,v1
COVIDhub-baseline,2020-06-08,07/06/20-21:48:04,,,v1
COVIDhub-baseline,2020-06-15,07/06/20-21:48:04,,,v1
COVIDhub-baseline,2020-06-22,07/06/20-21:48:04,,,v1
COVIDhub-baseline,2020-06-29,07/06/20-21:48:04,,,v1
COVIDhub-baseline,2020-07-06,07/06/20-21:48:04,,,v1
COVIDhub-baseline,2020-07-13,07/13/20-17:29:05,,,v1
COVIDhub-baseline,2020-07-20,07/20/20-17:19:37,,,v1
COVIDhub-baseline,2020-07-27,07/29/20-11:28:00,,,v1
COVIDhub-baseline,2020-08-03,08/03/20-13:22:08,,,v1
COVIDhub-baseline,2020-08-10,08/10/20-18:35:26,,,v1
COVIDhub-baseline,2020-08-17,08/18/20-10:20:31,,,v1
COVIDhub-baseline,2020-08-24,08/26/20-17:31:20,,,v1
COVIDhub-baseline,2020-08-31,08/31/20-15:15:36,,,v1
COVIDhub-baseline,2020-09-07,09/07/20-16:05:23,,,v1
COVIDhub-baseline,2020-09-14,09/14/20-19:18:04,,,v1
COVIDhub-baseline,2020-09-21,09/21/20-14:22:44,,,v1
COVIDhub-baseline,2020-09-28,09/28/20-17:10:30,,,v1
COVIDhub-baseline,2020-10-05,10/06/20-04:36:21,,,v1
COVIDhub-baseline,2020-10-12,10/12/20-17:10:10,,,v1
COVIDhub-baseline,2020-10-19,10/19/20-12:37:59,,,v1
COVIDhub-baseline,2020-10-26,10/26/20-17:27:26,,,v1
COVIDhub-baseline,2020-11-02,11/02/20-14:09:18,,,v1
COVIDhub-baseline,2020-11-09,11/09/20-17:57:45,,,v1
CU-nochange,2020-05-31,06/01/20-16:14:16,,,v1
CU-nochange,2020-06-04,06/08/20-12:18:54,,,v1
CU-nochange,2020-06-07,06/08/20-18:35:45,,,v1
CU-nochange,2020-06-11,06/12/20-01:31:56,,,v1
CU-nochange,2020-06-14,06/15/20-14:57:19,,,v1
CU-nochange,2020-06-18,06/19/20-12:19:47,,,v1
CU-nochange,2020-06-21,06/22/20-21:17:02,06/26/20-13:41:25,,v2
CU-nochange,2020-06-25,06/26/20-13:41:25,,,v1
CU-nochange,2020-06-28,06/29/20-18:09:29,,,v1
CU-nochange,2020-07-02,07/03/20-17:44:35,,,v1
CU-nochange,2020-07-05,07/07/20-08:32:14,,,v1
CU-nochange,2020-07-12,07/13/20-16:08:25,,,v1
CU-nochange,2020-07-19,07/20/20-20:38:23,,,v1
CU-nochange,2020-07-26,07/27/20-18:21:36,,,v1
CU-nochange,2020-08-02,08/03/20-16:20:08,,,v1
CU-nochange,2020-08-06,08/08/20-09:56:08,,,v1
CU-nochange,2020-08-09,08/10/20-15:09:29,,,v1
CU-nochange,2020-08-13,08/17/20-14:44:10,,,v1
CU-nochange,2020-08-16,08/17/20-14:44:10,,,v1
CU-nochange,2020-08-20,08/24/20-14:20:07,,,v1
CU-nochange,2020-08-23,08/24/20-14:20:07,,,v1
CU-nochange,2020-08-30,08/31/20-17:24:21,,,v1
CU-nochange,2020-09-03,09/07/20-19:38:55,,,v1
CU-nochange,2020-09-06,09/07/20-19:38:55,,,v1
CU-nochange,2020-09-13,09/14/20-17:50:53,,,v1
CU-nochange,2020-09-20,09/21/20-18:03:11,,,v1
CU-nochange,2020-09-24,09/28/20-17:31:55,,,v1
CU-nochange,2020-09-27,09/28/20-17:31:55,,,v1
CU-nochange,2020-10-01,10/06/20-04:47:04,,,v1
CU-nochange,2020-10-04,10/06/20-04:47:04,,,v1
CU-nochange,2020-10-08,10/09/20-10:18:28,,,v1
CU-nochange,2020-10-11,10/12/20-17:11:50,,,v1
CU-nochange,2020-10-15,10/16/20-00:33:35,,,v1
CU-nochange,2020-10-18,10/19/20-12:39:54,,,v1
CU-nochange,2020-10-22,10/23/20-01:28:55,,,v1
CU-nochange,2020-10-25,10/26/20-12:30:58,,,v1
CU-nochange,2020-10-29,11/02/20-23:53:43,,,v1
CU-nochange,2020-11-01,11/02/20-23:53:43,,,v1
CU-nochange,2020-11-05,11/09/20-20:49:06,,,v1
CU-nochange,2020-11-08,11/09/20-20:49:06,,,v1
CU-scenario_high,2020-05-03,06/18/20-14:11:11,,,v1
CU-scenario_high,2020-05-07,06/18/20-14:11:11,,,v1
CU-scenario_high,2020-05-10,06/18/20-14:11:11,,,v1
CU-scenario_high,2020-05-14,06/18/20-14:11:11,,,v1
CU-scenario_high,2020-05-17,06/18/20-14:11:11,,,v1
CU-scenario_high,2020-05-21,06/18/20-14:11:11,,,v1
CU-scenario_high,2020-05-24,06/18/20-14:11:11,,,v1
CU-scenario_high,2020-05-28,06/18/20-14:11:11,,,v1
CU-scenario_high,2020-05-31,06/18/20-14:11:11,,,v1
CU-scenario_high,2020-06-04,06/18/20-14:11:11,,,v1
CU-scenario_high,2020-06-07,06/18/20-14:11:11,,,v1
CU-scenario_high,2020-06-14,06/18/20-14:11:11,,,v1
CU-scenario_high,2020-06-18,06/19/20-12:19:47,,,v1
CU-scenario_high,2020-06-21,06/22/20-21:17:02,06/26/20-13:41:25,,v2
CU-scenario_high,2020-06-25,06/26/20-13:41:25,,,v1
CU-scenario_high,2020-06-28,06/29/20-18:09:29,,,v1
CU-scenario_high,2020-07-02,07/03/20-17:44:35,,,v1
CU-scenario_high,2020-07-05,07/07/20-08:32:14,,,v1
CU-scenario_high,2020-07-12,07/13/20-16:08:25,,,v1
CU-scenario_high,2020-07-19,07/20/20-20:38:23,,,v1
CU-scenario_high,2020-07-26,07/27/20-18:21:36,,,v1
CU-scenario_high,2020-08-02,08/03/20-16:20:08,,,v1
CU-scenario_high,2020-08-06,08/08/20-09:56:08,,,v1
CU-scenario_high,2020-08-09,08/10/20-15:09:29,,,v1
CU-scenario_high,2020-08-13,08/17/20-14:44:10,,,v1
CU-scenario_high,2020-08-16,08/17/20-14:44:10,,,v1
CU-scenario_high,2020-08-20,08/24/20-14:20:07,,,v1
CU-scenario_high,2020-08-23,08/24/20-14:20:07,,,v1
CU-scenario_high,2020-08-30,08/31/20-17:24:21,,,v1
CU-scenario_high,2020-09-03,09/07/20-19:38:55,,,v1
CU-scenario_high,2020-09-06,09/07/20-19:38:55,,,v1
CU-scenario_high,2020-09-13,09/14/20-17:50:53,,,v1
CU-scenario_high,2020-09-20,09/21/20-18:03:11,,,v1
CU-scenario_high,2020-09-24,09/28/20-17:31:55,,,v1
CU-scenario_high,2020-09-27,09/28/20-17:31:55,,,v1
CU-scenario_high,2020-10-04,10/06/20-04:47:04,,,v1
CU-scenario_high,2020-10-08,10/09/20-10:18:28,,,v1
CU-scenario_high,2020-10-11,10/12/20-17:11:50,,,v1
CU-scenario_high,2020-10-15,10/16/20-00:33:35,,,v1
CU-scenario_high,2020-10-18,10/19/20-12:39:54,,,v1
CU-scenario_high,2020-10-22,10/23/20-01:28:55,,,v1
CU-scenario_high,2020-10-25,10/26/20-12:30:58,,,v1
CU-scenario_high,2020-10-29,11/02/20-23:53:43,,,v1
CU-scenario_high,2020-11-01,11/02/20-23:53:43,,,v1
CU-scenario_high,2020-11-05,11/09/20-20:49:06,,,v1
CU-scenario_high,2020-11-08,11/09/20-20:49:06,,,v1
CU-scenario_mid,2020-05-07,06/18/20-15:02:13,,,v1
CU-scenario_mid,2020-05-10,06/18/20-15:02:13,,,v1
CU-scenario_mid,2020-05-14,06/18/20-15:02:13,,,v1
CU-scenario_mid,2020-05-17,06/18/20-15:02:13,,,v1
CU-scenario_mid,2020-05-21,06/18/20-15:02:13,,,v1
CU-scenario_mid,2020-05-24,06/18/20-15:02:13,,,v1
CU-scenario_mid,2020-05-28,06/18/20-15:02:13,,,v1
CU-scenario_mid,2020-05-31,06/18/20-15:02:13,,,v1
CU-scenario_mid,2020-06-04,06/18/20-15:02:13,,,v1
CU-scenario_mid,2020-06-07,06/18/20-15:02:13,,,v1
CU-scenario_mid,2020-06-11,06/18/20-15:02:13,,,v1
CU-scenario_mid,2020-06-14,06/18/20-15:02:13,,,v1
CU-scenario_mid,2020-06-18,06/19/20-12:19:47,,,v1
CU-scenario_mid,2020-06-21,06/22/20-21:17:02,06/26/20-13:41:25,,v2
CU-scenario_mid,2020-06-25,06/26/20-13:41:25,,,v1
CU-scenario_mid,2020-06-28,06/29/20-18:09:29,,,v1
CU-scenario_mid,2020-07-02,07/03/20-17:44:35,,,v1
CU-scenario_mid,2020-07-05,07/07/20-08:32:14,,,v1
CU-scenario_mid,2020-07-12,07/13/20-16:08:25,,,v1
CU-scenario_mid,2020-07-19,07/20/20-20:38:23,,,v1
CU-scenario_mid,2020-07-26,07/27/20-18:21:36,,,v1
CU-scenario_mid,2020-08-02,08/03/20-16:20:08,,,v1
CU-scenario_mid,2020-08-06,08/08/20-09:56:08,,,v1
CU-scenario_mid,2020-08-09,08/10/20-15:09:29,,,v1
CU-scenario_mid,2020-08-13,08/17/20-14:44:10,,,v1
CU-scenario_mid,2020-08-16,08/17/20-14:44:10,,,v1
CU-scenario_mid,2020-08-20,08/24/20-14:20:07,,,v1
CU-scenario_mid,2020-08-23,08/24/20-14:20:07,,,v1
CU-scenario_mid,2020-08-30,08/31/20-17:24:21,,,v1
CU-scenario_mid,2020-09-03,09/07/20-19:38:55,,,v1
CU-scenario_mid,2020-09-06,09/07/20-19:38:55,,,v1
CU-scenario_mid,2020-09-13,09/14/20-17:50:53,,,v1
CU-scenario_mid,2020-09-20,09/21/20-18:03:11,,,v1
CU-scenario_mid,2020-09-24,09/28/20-17:31:55,,,v1
CU-scenario_mid,2020-09-27,09/28/20-17:31:55,,,v1
CU-scenario_mid,2020-10-04,10/06/20-04:47:04,,,v1
CU-scenario_mid,2020-10-08,10/09/20-10:18:28,,,v1
CU-scenario_mid,2020-10-11,10/12/20-17:11:50,,,v1
CU-scenario_mid,2020-10-15,10/16/20-00:33:35,,,v1
CU-scenario_mid,2020-10-18,10/19/20-12:39:54,,,v1
CU-scenario_mid,2020-10-22,10/23/20-01:28:55,,,v1
CU-scenario_mid,2020-10-25,10/26/20-12:30:58,,,v1
CU-scenario_mid,2020-10-29,11/02/20-23:53:43,,,v1
CU-scenario_mid,2020-11-01,11/02/20-23:53:43,,,v1
CU-scenario_mid,2020-11-05,11/09/20-20:49:06,,,v1
CU-scenario_mid,2020-11-08,11/09/20-20:49:06,,,v1
CU-select,2020-05-03,06/23/20-12:48:26,,,v1
CU-select,2020-05-07,06/18/20-16:33:11,,,v1
CU-select,2020-05-10,05/11/20-14:40:12,,,v1
CU-select,2020-05-14,05/15/20-14:49:23,,,v1
CU-select,2020-05-17,05/18/20-20:38:02,,,v1
CU-select,2020-05-21,05/25/20-09:14:23,,,v1
CU-select,2020-05-24,05/25/20-17:03:07,,,v1
CU-select,2020-05-28,05/29/20-08:04:07,,,v1
CU-select,2020-05-31,06/01/20-16:14:16,,,v1
CU-select,2020-06-04,06/08/20-12:18:54,,,v1
CU-select,2020-06-07,06/08/20-18:35:45,,,v1
CU-select,2020-06-11,06/12/20-01:31:56,,,v1
CU-select,2020-06-14,06/15/20-14:57:19,,,v1
CU-select,2020-06-18,06/19/20-12:19:47,,,v1
CU-select,2020-06-21,06/22/20-21:17:02,06/26/20-13:41:25,,v2
CU-select,2020-06-25,06/26/20-13:41:25,,,v1
CU-select,2020-06-28,06/29/20-18:09:29,,,v1
CU-select,2020-07-02,07/03/20-17:44:35,,,v1
CU-select,2020-07-05,07/07/20-08:32:14,,,v1
CU-select,2020-07-12,07/13/20-16:08:25,,,v1
CU-select,2020-07-19,07/20/20-20:38:23,,,v1
CU-select,2020-07-26,07/27/20-18:21:36,,,v1
CU-select,2020-08-02,08/03/20-16:20:08,,,v1
CU-select,2020-08-06,08/08/20-09:56:08,,,v1
CU-select,2020-08-09,08/10/20-15:09:29,,,v1
CU-select,2020-08-13,08/17/20-14:44:10,,,v1
CU-select,2020-08-16,08/17/20-14:44:10,,,v1
CU-select,2020-08-20,08/24/20-14:20:07,,,v1
CU-select,2020-08-23,08/24/20-14:20:07,,,v1
CU-select,2020-08-30,08/31/20-17:24:21,,,v1
CU-select,2020-09-03,09/07/20-19:38:55,,,v1
CU-select,2020-09-06,09/07/20-19:38:55,,,v1
CU-select,2020-09-13,09/14/20-17:50:53,,,v1
CU-select,2020-09-20,09/21/20-18:03:11,,,v1
CU-select,2020-09-24,09/28/20-17:31:55,,,v1
CU-select,2020-09-27,09/28/20-17:31:55,,,v1
CU-select,2020-10-04,10/06/20-04:47:04,,,v1
CU-select,2020-10-08,10/09/20-10:18:28,,,v1
CU-select,2020-10-11,10/12/20-17:11:50,,,v1
CU-select,2020-10-15,10/16/20-00:33:35,,,v1
CU-select,2020-10-18,10/19/20-12:39:54,,,v1
CU-select,2020-10-22,10/23/20-01:28:55,,,v1
CU-select,2020-10-25,10/26/20-12:30:58,,,v1
CU-select,2020-10-29,11/02/20-23:53:43,,,v1
CU-select,2020-11-01,11/02/20-23:53:43,,,v1
CU-select,2020-11-05,11/09/20-20:49:06,,,v1
CU-select,2020-11-08,11/09/20-20:49:06,,,v1
DDS-NBDS,2020-07-27,07/27/20-20:23:09,,,v1
DDS-NBDS,2020-08-03,08/03/20-19:26:49,,,v1
DDS-NBDS,2020-08-09,08/09/20-22:15:00,,,v1
DDS-NBDS,2020-08-10,08/10/20-18:37:35,,,v1
DDS-NBDS,2020-08-17,08/17/20-17:48:43,,,v1
DDS-NBDS,2020-08-24,08/24/20-15:50:15,,,v1
DDS-NBDS,2020-08-30,08/30/20-23:33:44,,,v1
DDS-NBDS,2020-08-31,08/31/20-15:13:20,,,v1
DDS-NBDS,2020-09-07,09/07/20-17:29:05,,,v1
DDS-NBDS,2020-09-13,09/14/20-00:17:45,,,v1
DDS-NBDS,2020-09-14,09/14/20-17:49:46,,,v1
DDS-NBDS,2020-09-20,09/20/20-23:32:19,,,v1
DDS-NBDS,2020-09-21,09/21/20-12:36:15,,,v1
DDS-NBDS,2020-09-27,09/28/20-01:27:05,,,v1
DDS-NBDS,2020-09-28,09/28/20-17:27:49,,,v1
DDS-NBDS,2020-10-04,10/05/20-04:37:52,,,v1
DDS-NBDS,2020-10-05,10/06/20-04:43:47,,,v1
DDS-NBDS,2020-10-11,10/12/20-07:17:05,,,v1
DDS-NBDS,2020-10-12,10/12/20-20:59:03,,,v1
DDS-NBDS,2020-10-19,10/20/20-12:32:52,,,v1
DDS-NBDS,2020-10-26,10/26/20-17:30:15,,,v1
DDS-NBDS,2020-11-02,11/02/20-18:12:30,,,v1
DDS-NBDS,2020-11-09,11/09/20-20:23:13,,,v1
epiforecasts-ensemble1,2020-06-15,06/15/20-21:06:24,,,v1
epiforecasts-ensemble1,2020-06-22,06/22/20-18:49:30,,,v1
epiforecasts-ensemble1,2020-06-29,06/29/20-16:34:15,,,v1
epiforecasts-ensemble1,2020-07-06,07/06/20-21:07:19,,,v1
epiforecasts-ensemble1,2020-07-13,07/13/20-21:25:03,,,v1
epiforecasts-ensemble1,2020-07-19,07/20/20-13:59:58,,,v1
epiforecasts-ensemble1,2020-07-26,07/27/20-18:37:27,,,v1
epiforecasts-ensemble1,2020-08-03,08/03/20-14:50:27,,,v1
epiforecasts-ensemble1,2020-08-10,08/10/20-15:07:41,,,v1
epiforecasts-ensemble1,2020-08-17,08/19/20-09:40:59,,,v1
epiforecasts-ensemble1,2020-08-24,08/24/20-19:14:10,,,v1
epiforecasts-ensemble1,2020-08-31,08/31/20-17:25:17,,,v1
epiforecasts-ensemble1,2020-09-07,09/07/20-17:28:10,,,v1
epiforecasts-ensemble1,2020-09-14,09/14/20-19:00:44,,,v1
epiforecasts-ensemble1,2020-09-21,09/21/20-21:18:49,,,v1
epiforecasts-ensemble1,2020-09-28,09/28/20-19:16:00,,,v1
epiforecasts-ensemble1,2020-10-05,10/06/20-04:44:41,,,v1
epiforecasts-ensemble1,2020-10-12,10/13/20-07:04:28,,,v1
epiforecasts-ensemble1,2020-10-19,10/19/20-23:11:10,,,v1
epiforecasts-ensemble1,2020-10-26,10/26/20-17:24:21,,,v1
epiforecasts-ensemble1,2020-11-02,11/02/20-18:11:36,,,v1
epiforecasts-ensemble1,2020-11-09,11/09/20-17:59:39,,,v1
Geneva-DetGrowth,2020-05-02,06/19/20-17:26:28,,,v1
Geneva-DetGrowth,2020-05-03,06/19/20-17:26:28,,,v1
Geneva-DetGrowth,2020-05-04,06/19/20-17:26:28,,,v1
Geneva-DetGrowth,2020-05-09,06/19/20-17:26:28,,,v1
Geneva-DetGrowth,2020-05-10,06/19/20-17:26:28,,,v1
Geneva-DetGrowth,2020-05-11,06/19/20-17:26:28,,,v1
Geneva-DetGrowth,2020-05-16,06/19/20-17:26:28,,,v1
Geneva-DetGrowth,2020-05-17,06/19/20-17:26:28,,,v1
Geneva-DetGrowth,2020-05-18,06/19/20-17:26:28,,,v1
Geneva-DetGrowth,2020-05-24,06/19/20-17:26:28,,,v1
Geneva-DetGrowth,2020-05-25,06/19/20-17:26:28,,,v1
Geneva-DetGrowth,2020-05-31,06/19/20-17:26:28,,,v1
Geneva-DetGrowth,2020-06-01,06/19/20-17:26:28,,,v1
Geneva-DetGrowth,2020-06-07,06/19/20-17:26:28,,,v1
Geneva-DetGrowth,2020-07-05,07/13/20-17:01:48,,,v1
Geneva-DetGrowth,2020-07-12,07/13/20-17:01:48,,,v1
Geneva-DetGrowth,2020-07-19,07/20/20-11:20:01,,,v1
Geneva-DetGrowth,2020-07-26,07/27/20-06:14:39,,,v1
Geneva-DetGrowth,2020-08-02,08/03/20-03:43:58,,,v1
Geneva-DetGrowth,2020-08-09,08/10/20-06:04:43,,,v1
Geneva-DetGrowth,2020-08-16,08/17/20-04:59:23,,,v1
Geneva-DetGrowth,2020-08-23,08/24/20-03:27:21,,,v1
Geneva-DetGrowth,2020-08-30,08/31/20-05:05:53,,,v1
Geneva-DetGrowth,2020-09-06,09/07/20-03:14:40,,,v1
Geneva-DetGrowth,2020-09-13,09/14/20-08:12:21,,,v1
Geneva-DetGrowth,2020-09-20,09/21/20-18:01:27,,,v1
Geneva-DetGrowth,2020-09-27,09/28/20-07:08:20,,,v1
Geneva-DetGrowth,2020-10-04,10/05/20-07:42:43,,,v1
Geneva-DetGrowth,2020-10-11,10/12/20-07:19:14,,,v1
Geneva-DetGrowth,2020-10-18,10/19/20-12:38:53,,,v1
Geneva-DetGrowth,2020-10-25,10/26/20-08:48:11,,,v1
Geneva-DetGrowth,2020-11-01,11/02/20-07:33:21,,,v1
Geneva-DetGrowth,2020-11-08,11/09/20-04:10:07,,,v1
Google_Harvard-CPF,2020-08-13,08/16/20-09:08:06,,,v1
Google_Harvard-CPF,2020-08-16,08/17/20-17:55:35,,,v1
Google_Harvard-CPF,2020-08-23,08/24/20-18:23:32,,,v1
Google_Harvard-CPF,2020-08-30,08/31/20-17:45:43,,,v1
Google_Harvard-CPF,2020-09-06,09/07/20-18:21:56,,,v1
Google_Harvard-CPF,2020-09-13,09/14/20-18:11:55,,,v1
Google_Harvard-CPF,2020-09-20,09/21/20-21:05:38,,,v1
Google_Harvard-CPF,2020-09-27,09/28/20-18:53:37,,,v1
Google_Harvard-CPF,2020-10-04,10/06/20-04:37:11,,,v1
Google_Harvard-CPF,2020-10-11,10/12/20-18:20:51,,,v1
Google_Harvard-CPF,2020-10-18,10/19/20-19:52:11,,,v1
Google_Harvard-CPF,2020-10-25,10/26/20-18:55:01,,,v1
Google_Harvard-CPF,2020-11-01,11/02/20-17:52:26,,,v1
Google_Harvard-CPF,2020-11-08,11/09/20-18:22:56,,,v1
GT-DeepCOVID,2020-05-04,05/05/20-08:02:09,,,v1
GT-DeepCOVID,2020-05-11,05/11/20-18:07:10,,,v1
GT-DeepCOVID,2020-05-18,05/18/20-19:25:31,,,v1
GT-DeepCOVID,2020-05-25,05/25/20-19:49:37,,,v1
GT-DeepCOVID,2020-06-01,06/01/20-17:39:18,,,v1
GT-DeepCOVID,2020-06-08,06/09/20-15:26:39,,,v1
GT-DeepCOVID,2020-06-15,06/15/20-15:36:05,,,v1
GT-DeepCOVID,2020-06-22,06/22/20-17:18:51,,,v1
GT-DeepCOVID,2020-06-29,06/29/20-16:35:32,,,v1
GT-DeepCOVID,2020-07-06,07/06/20-21:06:59,,,v1
GT-DeepCOVID,2020-07-13,07/13/20-19:48:44,,,v1
GT-DeepCOVID,2020-07-20,07/20/20-15:36:52,,,v1
GT-DeepCOVID,2020-07-27,07/27/20-18:16:53,,,v1
GT-DeepCOVID,2020-08-03,08/03/20-16:37:17,,,v1
GT-DeepCOVID,2020-08-10,08/10/20-18:36:27,,,v1
GT-DeepCOVID,2020-08-17,08/17/20-17:55:57,,,v1
GT-DeepCOVID,2020-08-24,08/24/20-18:21:37,,,v1
GT-DeepCOVID,2020-08-31,08/31/20-17:22:56,,,v1
GT-DeepCOVID,2020-09-07,09/07/20-18:22:44,,,v1
GT-DeepCOVID,2020-09-14,09/14/20-18:00:05,09/16/20-12:24:11,,v2
GT-DeepCOVID,2020-09-21,09/21/20-17:58:24,,,v1
GT-DeepCOVID,2020-09-28,09/28/20-19:15:09,,,v1
GT-DeepCOVID,2020-10-05,10/06/20-04:41:51,,,v1
GT-DeepCOVID,2020-10-12,10/12/20-17:13:42,,,v1
GT-DeepCOVID,2020-10-19,10/19/20-23:08:35,,,v1
GT-DeepCOVID,2020-10-26,10/26/20-18:35:57,,,v1
GT-DeepCOVID,2020-11-02,11/02/20-18:12:00,,,v1
GT-DeepCOVID,2020-11-09,11/09/20-20:23:38,,,v1
GT_CHHS-COVID19,2020-05-31,06/01/20-13:44:05,,,v1
GT_CHHS-COVID19,2020-06-07,06/08/20-12:33:21,,,v1
GT_CHHS-COVID19,2020-06-14,06/14/20-21:44:33,,,v1
GT_CHHS-COVID19,2020-06-21,06/22/20-11:03:39,,,v1
GT_CHHS-COVID19,2020-06-28,06/28/20-12:11:24,,,v1
GT_CHHS-COVID19,2020-07-05,07/06/20-18:39:17,,,v1
GT_CHHS-COVID19,2020-07-12,07/13/20-15:50:23,,,v1
GT_CHHS-COVID19,2020-07-19,07/19/20-23:15:50,,,v1
GT_CHHS-COVID19,2020-07-26,07/26/20-18:52:57,,,v1
GT_CHHS-COVID19,2020-08-02,08/02/20-22:13:01,,,v1
GT_CHHS-COVID19,2020-08-09,08/09/20-16:28:26,,,v1
GT_CHHS-COVID19,2020-08-16,08/16/20-14:46:05,,,v1
GT_CHHS-COVID19,2020-08-23,08/23/20-14:09:45,,,v1
GT_CHHS-COVID19,2020-08-30,08/30/20-17:46:37,,,v1
GT_CHHS-COVID19,2020-09-06,09/07/20-02:03:01,,,v1
GT_CHHS-COVID19,2020-09-13,09/13/20-12:44:38,,,v1
IBF-TimeSeries,2020-09-07,09/08/20-10:02:32,,,v1
IBF-TimeSeries,2020-09-14,09/14/20-17:57:59,,,v1
IBF-TimeSeries,2020-09-21,09/21/20-17:55:52,,,v1
IBF-TimeSeries,2020-09-28,09/28/20-17:14:17,,,v1
IBF-TimeSeries,2020-10-12,10/13/20-09:11:58,,,v1
IBF-TimeSeries,2020-10-19,10/19/20-23:15:03,,,v1
IBF-TimeSeries,2020-10-26,10/26/20-17:29:41,,,v1
IBF-TimeSeries,2020-11-02,11/02/20-14:11:05,,,v1
IBF-TimeSeries,2020-11-09,11/09/20-14:53:02,,,v1
IHME-CurveFit,2020-05-04,05/04/20-19:42:17,,,v1
IHME-CurveFit,2020-05-08,05/12/20-10:59:56,,,v1
IHME-CurveFit,2020-05-12,05/16/20-08:18:01,05/18/20-17:06:54,05/19/20-21:25:26,v3
IHME-CurveFit,2020-05-18,05/19/20-17:13:14,,,v1
IHME-CurveFit,2020-05-29,06/01/20-15:44:08,,,v1
IHME-CurveFit,2020-06-05,06/08/20-17:48:22,,,v1
IHME-CurveFit,2020-06-08,06/08/20-19:36:04,,,v1
IHME-CurveFit,2020-06-10,06/10/20-22:55:48,,,v1
IHME-CurveFit,2020-06-15,06/15/20-17:46:29,,,v1
IHME-CurveFit,2020-06-22,06/22/20-17:24:52,,,v1
IHME-CurveFit,2020-06-24,06/26/20-13:41:52,,,v1
IHME-CurveFit,2020-06-29,06/29/20-19:05:42,,,v1
IHME-CurveFit,2020-07-06,07/07/20-08:35:00,,,v1
IHME-CurveFit,2020-07-17,07/19/20-11:12:30,,,v1
IHME-CurveFit,2020-07-23,07/23/20-15:46:23,,,v1
IHME-CurveFit,2020-07-30,07/31/20-17:03:01,,,v1
IHME-CurveFit,2020-08-06,08/06/20-19:07:39,,,v1
IHME-CurveFit,2020-08-24,08/24/20-18:23:05,,,v1
IHME-CurveFit,2020-08-27,08/28/20-02:26:22,,,v1
IHME-CurveFit,2020-09-03,09/04/20-18:20:05,,,v1
IHME-CurveFit,2020-09-21,09/21/20-15:08:28,,,v1
IHME-CurveFit,2020-09-28,09/28/20-17:11:49,,,v1
IHME-CurveFit,2020-10-16,10/17/20-18:40:26,,,v1
IHME-CurveFit,2020-10-26,10/26/20-18:35:31,,,v1
Imperial-ensemble1,2020-05-03,05/04/20-16:47:01,,,v1
Imperial-ensemble1,2020-05-10,05/11/20-17:45:38,,,v1
Imperial-ensemble1,2020-05-17,05/18/20-20:39:12,,,v1
Imperial-ensemble1,2020-05-24,05/25/20-17:20:48,,,v1
Imperial-ensemble1,2020-05-31,06/02/20-10:21:58,,,v1
Imperial-ensemble1,2020-06-07,06/08/20-18:14:36,,,v1
Imperial-ensemble1,2020-06-14,06/15/20-20:48:53,,,v1
Imperial-ensemble1,2020-06-21,06/22/20-18:50:09,,,v1
Imperial-ensemble1,2020-06-28,06/30/20-07:35:31,,,v1
Imperial-ensemble2,2020-05-03,05/04/20-16:47:01,,,v1
Imperial-ensemble2,2020-05-10,05/11/20-17:45:38,,,v1
Imperial-ensemble2,2020-05-17,05/18/20-20:39:12,,,v1
Imperial-ensemble2,2020-05-24,05/25/20-17:20:48,,,v1
Imperial-ensemble2,2020-05-31,06/02/20-10:21:58,,,v1
Imperial-ensemble2,2020-06-07,06/08/20-18:14:36,,,v1
Imperial-ensemble2,2020-06-14,06/15/20-20:48:53,,,v1
Imperial-ensemble2,2020-06-21,06/22/20-18:50:09,,,v1
Imperial-ensemble2,2020-06-28,06/30/20-07:35:31,,,v1
IowaStateLW-STEM,2020-05-01,05/26/20-15:06:28,,,v1
IowaStateLW-STEM,2020-05-17,05/26/20-15:06:28,,,v1
IowaStateLW-STEM,2020-05-24,05/26/20-15:06:28,,,v1
IowaStateLW-STEM,2020-05-31,06/01/20-14:02:48,,,v1
IowaStateLW-STEM,2020-06-07,06/08/20-23:07:18,,,v1
IowaStateLW-STEM,2020-06-14,06/15/20-20:55:34,,,v1
IowaStateLW-STEM,2020-06-21,06/22/20-17:19:44,,,v1
IowaStateLW-STEM,2020-06-28,06/29/20-20:20:49,,,v1
IowaStateLW-STEM,2020-07-05,07/07/20-17:20:30,,,v1
IowaStateLW-STEM,2020-07-12,07/13/20-16:07:20,,,v1
IowaStateLW-STEM,2020-07-19,07/20/20-16:48:21,,,v1
IowaStateLW-STEM,2020-07-26,07/27/20-18:42:12,,,v1
IowaStateLW-STEM,2020-08-02,08/03/20-19:32:49,,,v1
IowaStateLW-STEM,2020-08-16,08/17/20-17:39:50,,,v1
IowaStateLW-STEM,2020-08-23,08/24/20-16:22:59,,,v1
IowaStateLW-STEM,2020-08-30,08/31/20-15:15:09,,,v1
IowaStateLW-STEM,2020-09-06,09/07/20-16:07:57,,,v1
IowaStateLW-STEM,2020-09-13,09/14/20-17:56:52,,,v1
IowaStateLW-STEM,2020-09-20,09/21/20-14:24:39,,,v1
IowaStateLW-STEM,2020-09-27,09/28/20-17:08:05,,,v1
IowaStateLW-STEM,2020-10-04,10/06/20-04:51:18,,,v1
IowaStateLW-STEM,2020-10-11,10/12/20-18:11:43,,,v1
IowaStateLW-STEM,2020-10-18,10/19/20-23:10:20,,,v1
IowaStateLW-STEM,2020-10-25,10/26/20-17:22:57,,,v1
IowaStateLW-STEM,2020-11-01,11/02/20-18:13:03,,,v1
IowaStateLW-STEM,2020-11-08,11/09/20-20:24:02,,,v1
IQVIA_ACOE-STAN,2020-08-23,08/23/20-13:34:18,,,v1
IQVIA_ACOE-STAN,2020-08-30,08/31/20-09:34:37,,,v1
IQVIA_ACOE-STAN,2020-09-06,09/06/20-12:56:49,,,v1
IQVIA_ACOE-STAN,2020-09-13,09/14/20-08:57:32,,,v1
IQVIA_ACOE-STAN,2020-09-20,09/20/20-20:08:39,,,v1
IQVIA_ACOE-STAN,2020-09-27,09/27/20-17:27:09,,,v1
IQVIA_ACOE-STAN,2020-10-04,10/04/20-11:50:31,,,v1
IQVIA_ACOE-STAN,2020-10-11,10/12/20-07:14:04,,,v1
IQVIA_ACOE-STAN,2020-10-25,10/26/20-08:15:00,,,v1
IQVIA_ACOE-STAN,2020-11-01,11/01/20-10:41:34,,,v1
IQVIA_ACOE-STAN,2020-11-08,11/09/20-08:56:56,,,v1
JCB-PRM,2020-07-27,07/27/20-20:02:18,,,v1
JCB-PRM,2020-08-03,08/03/20-14:57:04,08/03/20-16:21:31,,v2
JCB-PRM,2020-08-10,08/10/20-06:04:01,,,v1
JCB-PRM,2020-08-17,08/17/20-08:19:20,,,v1
JCB-PRM,2020-08-24,08/24/20-06:45:11,,,v1
JCB-PRM,2020-08-31,08/31/20-05:46:46,,,v1
JCB-PRM,2020-09-07,09/07/20-05:24:40,,,v1
JCB-PRM,2020-09-14,09/14/20-11:27:53,,,v1
JCB-PRM,2020-09-21,09/21/20-15:14:59,,,v1
JCB-PRM,2020-09-28,09/28/20-17:12:48,,,v1
JCB-PRM,2020-10-05,10/05/20-07:42:07,,,v1
JCB-PRM,2020-10-12,10/12/20-07:20:26,,,v1
JCB-PRM,2020-10-19,10/19/20-10:03:47,,,v1
JCB-PRM,2020-10-26,10/26/20-08:47:29,,,v1
JCB-PRM,2020-11-02,11/02/20-15:39:35,,,v1
JCB-PRM,2020-11-09,11/09/20-10:19:45,,,v1
JHUAPL-Bucky,2020-08-31,08/31/20-17:28:49,,,v1
JHUAPL-Bucky,2020-09-07,09/07/20-17:49:14,,,v1
JHUAPL-Bucky,2020-09-14,09/14/20-18:12:26,,,v1
JHUAPL-Bucky,2020-09-21,09/21/20-17:57:04,,,v1
JHUAPL-Bucky,2020-09-28,09/28/20-18:56:19,,,v1
JHUAPL-Bucky,2020-10-05,10/06/20-04:39:37,,,v1
JHUAPL-Bucky,2020-10-12,10/12/20-18:25:11,,,v1
JHUAPL-Bucky,2020-10-19,10/19/20-23:09:52,,,v1
JHUAPL-Bucky,2020-10-26,10/26/20-17:28:28,,,v1
JHUAPL-Bucky,2020-11-02,11/02/20-15:46:08,,,v1
JHUAPL-Bucky,2020-11-09,11/09/20-14:52:18,,,v1
JHU_CSSE-DECOM,2020-10-05,10/06/20-04:35:45,10/07/20-01:19:02,,v2
JHU_CSSE-DECOM,2020-10-19,10/19/20-19:51:45,,,v1
JHU_CSSE-DECOM,2020-10-25,10/26/20-18:29:33,,,v1
JHU_CSSE-DECOM,2020-11-01,11/02/20-19:44:51,,,v1
JHU_CSSE-DECOM,2020-11-08,11/09/20-22:11:31,,,v1
JHU_IDD-CovidSP,2020-05-17,05/18/20-17:59:57,,,v1
JHU_IDD-CovidSP,2020-05-24,05/25/20-17:15:56,05/26/20-13:02:34,,v2
JHU_IDD-CovidSP,2020-05-31,06/01/20-13:37:41,,,v1
JHU_IDD-CovidSP,2020-06-07,06/08/20-15:30:18,,,v1
JHU_IDD-CovidSP,2020-06-14,06/15/20-17:29:45,,,v1
JHU_IDD-CovidSP,2020-06-21,06/23/20-10:46:04,,,v1
JHU_IDD-CovidSP,2020-06-28,06/29/20-16:33:05,,,v1
JHU_IDD-CovidSP,2020-07-05,07/06/20-21:07:51,,,v1
JHU_IDD-CovidSP,2020-07-12,07/13/20-17:31:06,,,v1
JHU_IDD-CovidSP,2020-07-19,07/20/20-20:38:55,,,v1
JHU_IDD-CovidSP,2020-07-26,07/28/20-10:18:45,,,v1
JHU_IDD-CovidSP,2020-08-02,08/03/20-14:49:46,,,v1
JHU_IDD-CovidSP,2020-08-09,08/10/20-14:11:10,,,v1
JHU_IDD-CovidSP,2020-08-16,08/17/20-17:49:55,,,v1
JHU_IDD-CovidSP,2020-08-23,08/24/20-18:18:30,,,v1
JHU_IDD-CovidSP,2020-08-30,08/31/20-17:20:13,,,v1
JHU_IDD-CovidSP,2020-09-06,09/07/20-17:27:12,,,v1
JHU_IDD-CovidSP,2020-09-13,09/14/20-18:00:37,10/06/20-04:54:52,,v2
JHU_IDD-CovidSP,2020-09-20,09/21/20-14:46:01,10/06/20-04:54:52,,v2
JHU_IDD-CovidSP,2020-09-27,09/28/20-17:48:16,10/06/20-04:54:52,,v2
JHU_IDD-CovidSP,2020-10-04,10/06/20-04:54:52,,,v1
JHU_IDD-CovidSP,2020-10-11,10/12/20-17:12:41,,,v1
JHU_IDD-CovidSP,2020-10-18,10/19/20-23:15:34,,,v1
JHU_IDD-CovidSP,2020-10-25,10/26/20-14:15:10,,,v1
JHU_IDD-CovidSP,2020-11-01,11/02/20-15:54:37,,,v1
JHU_IDD-CovidSP,2020-11-08,11/09/20-18:24:12,,,v1
JHU_UNC_GAS-StatMechPool,2020-10-25,10/28/20-17:08:48,,,v1
JHU_UNC_GAS-StatMechPool,2020-11-01,11/02/20-17:53:20,,,v1
JHU_UNC_GAS-StatMechPool,2020-11-08,11/09/20-18:15:06,,,v1
Karlen-pypm,2020-07-20,07/21/20-12:58:12,07/21/20-18:52:15,07/21/20-18:52:54,v3
Karlen-pypm,2020-07-26,07/27/20-12:54:15,07/28/20-16:07:58,,v2
Karlen-pypm,2020-08-02,08/03/20-04:37:27,,,v1
Karlen-pypm,2020-08-09,08/10/20-02:26:22,,,v1
Karlen-pypm,2020-08-16,08/16/20-19:28:04,,,v1
Karlen-pypm,2020-08-23,08/23/20-20:49:55,,,v1
Karlen-pypm,2020-08-30,08/31/20-03:21:53,,,v1
Karlen-pypm,2020-09-06,09/07/20-02:04:23,,,v1
Karlen-pypm,2020-09-13,09/14/20-00:15:14,,,v1
Karlen-pypm,2020-09-20,09/20/20-21:52:19,,,v1
Karlen-pypm,2020-09-27,09/28/20-01:28:16,,,v1
Karlen-pypm,2020-10-04,10/04/20-21:57:09,,,v1
Karlen-pypm,2020-10-11,10/12/20-07:17:31,,,v1
Karlen-pypm,2020-10-18,10/18/20-21:05:31,,,v1
Karlen-pypm,2020-10-25,10/26/20-02:32:34,,,v1
Karlen-pypm,2020-11-01,11/01/20-15:42:13,,,v1
Karlen-pypm,2020-11-08,11/08/20-22:21:43,,,v1
LANL-GrowthRate,2020-05-03,05/04/20-19:42:17,,,v1
LANL-GrowthRate,2020-05-04,05/15/20-20:45:37,,,v1
LANL-GrowthRate,2020-05-07,05/10/20-15:51:29,05/11/20-10:55:20,05/15/20-20:45:37,v3
LANL-GrowthRate,2020-05-11,05/11/20-16:19:44,05/14/20-21:19:02,,v2
LANL-GrowthRate,2020-05-14,05/14/20-21:19:02,,,v1
LANL-GrowthRate,2020-05-18,05/18/20-17:50:39,,,v1
LANL-GrowthRate,2020-05-21,05/21/20-20:37:47,,,v1
LANL-GrowthRate,2020-05-24,05/25/20-09:16:14,,,v1
LANL-GrowthRate,2020-05-25,05/25/20-17:04:00,,,v1
LANL-GrowthRate,2020-05-28,05/29/20-08:04:20,,,v1
LANL-GrowthRate,2020-06-01,06/01/20-17:39:36,,,v1
LANL-GrowthRate,2020-06-04,06/08/20-11:52:26,,,v1
LANL-GrowthRate,2020-06-08,06/08/20-17:53:18,,,v1
LANL-GrowthRate,2020-06-11,06/11/20-19:59:58,,,v1
LANL-GrowthRate,2020-06-14,06/15/20-17:14:17,06/16/20-15:01:22,,v2
LANL-GrowthRate,2020-06-18,06/19/20-07:36:49,,,v1
LANL-GrowthRate,2020-06-21,06/22/20-17:14:49,,,v1
LANL-GrowthRate,2020-06-24,06/26/20-13:30:32,,,v1
LANL-GrowthRate,2020-06-29,06/29/20-18:09:58,,,v1
LANL-GrowthRate,2020-07-02,07/02/20-23:45:11,,,v1
LANL-GrowthRate,2020-07-03,07/06/20-18:52:00,,,v1
LANL-GrowthRate,2020-07-06,07/06/20-18:52:00,,,v1
LANL-GrowthRate,2020-07-09,07/13/20-13:49:19,,,v1
LANL-GrowthRate,2020-07-13,07/13/20-16:50:24,,,v1
LANL-GrowthRate,2020-07-16,07/17/20-10:23:45,,,v1
LANL-GrowthRate,2020-07-20,07/20/20-16:14:12,,,v1
LANL-GrowthRate,2020-07-23,07/24/20-16:22:15,,,v1
LANL-GrowthRate,2020-07-27,07/27/20-18:35:07,,,v1
LANL-GrowthRate,2020-07-30,07/30/20-23:40:03,,,v1
LANL-GrowthRate,2020-08-03,08/03/20-18:12:10,,,v1
LANL-GrowthRate,2020-08-06,08/06/20-18:34:48,,,v1
LANL-GrowthRate,2020-08-10,08/10/20-14:39:55,,,v1
LANL-GrowthRate,2020-08-13,08/14/20-01:08:47,,,v1
LANL-GrowthRate,2020-08-17,08/17/20-17:50:19,,,v1
LANL-GrowthRate,2020-08-20,08/20/20-20:31:05,,,v1
LANL-GrowthRate,2020-08-24,08/24/20-16:24:04,,,v1
LANL-GrowthRate,2020-08-27,08/28/20-02:26:51,,,v1
LANL-GrowthRate,2020-08-31,08/31/20-17:19:33,,,v1
LANL-GrowthRate,2020-09-03,09/04/20-00:40:57,,,v1
LANL-GrowthRate,2020-09-07,09/07/20-13:31:33,,,v1
LANL-GrowthRate,2020-09-10,09/11/20-10:31:33,,,v1
LANL-GrowthRate,2020-09-14,09/14/20-17:59:23,,,v1
LANL-GrowthRate,2020-09-17,09/17/20-23:58:28,,,v1
LANL-GrowthRate,2020-09-21,09/21/20-18:00:48,,,v1
LANL-GrowthRate,2020-09-24,09/25/20-02:47:05,,,v1
LANL-GrowthRate,2020-09-28,09/28/20-17:36:44,,,v1
LANL-GrowthRate,2020-10-01,10/02/20-02:47:51,,,v1
LANL-GrowthRate,2020-10-05,10/06/20-04:43:20,,,v1
LANL-GrowthRate,2020-10-08,10/09/20-03:07:52,,,v1
LANL-GrowthRate,2020-10-12,10/12/20-17:13:13,,,v1
LANL-GrowthRate,2020-10-15,10/16/20-00:34:34,,,v1
LANL-GrowthRate,2020-10-19,10/19/20-23:16:17,,,v1
LANL-GrowthRate,2020-10-22,10/23/20-01:29:26,,,v1
LANL-GrowthRate,2020-10-26,10/26/20-17:26:30,,,v1
LANL-GrowthRate,2020-10-29,10/30/20-08:46:26,,,v1
LANL-GrowthRate,2020-11-02,11/02/20-17:51:01,,,v1
LANL-GrowthRate,2020-11-04,11/04/20-16:07:20,,,v1
LANL-GrowthRate,2020-11-05,11/08/20-14:00:02,,,v1
LANL-GrowthRate,2020-11-09,11/09/20-14:56:40,,,v1
LNQ-ens1,2020-07-12,07/15/20-16:58:03,,,v1
LNQ-ens1,2020-07-19,07/20/20-20:34:44,,,v1
LNQ-ens1,2020-07-26,07/27/20-18:32:59,,,v1
LNQ-ens1,2020-08-02,08/03/20-13:25:09,,,v1
LNQ-ens1,2020-08-09,08/10/20-12:59:19,,,v1
LNQ-ens1,2020-08-16,08/17/20-17:41:37,,,v1
LNQ-ens1,2020-08-23,08/24/20-15:50:39,,,v1
LNQ-ens1,2020-08-30,08/31/20-17:46:28,,,v1
LNQ-ens1,2020-09-06,09/07/20-17:29:36,,,v1
LNQ-ens1,2020-09-13,09/14/20-18:04:41,,,v1
LNQ-ens1,2020-09-20,09/21/20-17:59:21,,,v1
LNQ-ens1,2020-09-27,09/28/20-18:39:29,,,v1
LNQ-ens1,2020-10-04,10/06/20-04:42:50,,,v1
LNQ-ens1,2020-10-11,10/12/20-17:12:16,,,v1
LNQ-ens1,2020-10-18,10/19/20-23:09:04,,,v1
LNQ-ens1,2020-10-25,10/26/20-17:26:07,,,v1
LNQ-ens1,2020-11-01,11/02/20-18:10:38,,,v1
LNQ-ens1,2020-11-08,11/09/20-17:42:32,,,v1
MITCovAlliance-SIR,2020-06-18,07/15/20-16:58:03,,,v1
MITCovAlliance-SIR,2020-06-28,07/15/20-16:58:03,,,v1
MITCovAlliance-SIR,2020-07-05,07/15/20-16:58:03,,,v1
MITCovAlliance-SIR,2020-07-12,07/15/20-16:58:03,,,v1
MITCovAlliance-SIR,2020-07-19,07/20/20-11:20:18,,,v1
MITCovAlliance-SIR,2020-07-26,07/27/20-12:56:23,,,v1
MITCovAlliance-SIR,2020-08-03,08/03/20-16:38:00,,,v1
MITCovAlliance-SIR,2020-08-17,08/17/20-17:49:17,,,v1
MITCovAlliance-SIR,2020-08-31,08/31/20-17:47:17,,,v1
MITCovAlliance-SIR,2020-09-06,09/07/20-11:03:50,,,v1
MITCovAlliance-SIR,2020-09-13,09/14/20-11:29:17,,,v1
MITCovAlliance-SIR,2020-09-21,09/21/20-18:05:27,,,v1
MITCovAlliance-SIR,2020-09-28,09/28/20-17:19:49,,,v1
MITCovAlliance-SIR,2020-10-12,10/12/20-18:24:29,,,v1
MITCovAlliance-SIR,2020-10-19,10/19/20-23:08:13,,,v1
MITCovAlliance-SIR,2020-10-26,10/26/20-17:28:51,,,v1
MIT_CritData-GBCF,2020-09-06,09/07/20-09:27:38,,,v1
MIT_CritData-GBCF,2020-09-13,09/14/20-08:58:13,,,v1
MIT_CritData-GBCF,2020-09-20,09/21/20-09:06:42,,,v1
MIT_CritData-GBCF,2020-09-27,09/28/20-09:39:38,,,v1
MIT_CritData-GBCF,2020-10-04,10/12/20-10:29:19,,,v1
MIT_CritData-GBCF,2020-10-11,10/12/20-10:29:19,,,v1
MIT_CritData-GBCF,2020-10-18,10/19/20-10:02:44,,,v1
MIT_CritData-GBCF,2020-10-25,10/26/20-09:47:28,,,v1
MIT_CritData-GBCF,2020-11-01,11/02/20-08:49:30,,,v1
MIT_CritData-GBCF,2020-11-08,11/09/20-08:55:56,,,v1
MOBS-GLEAM_COVID,2020-05-04,07/15/20-16:58:03,,,v1
MOBS-GLEAM_COVID,2020-05-11,07/15/20-16:58:03,,,v1
MOBS-GLEAM_COVID,2020-05-18,07/15/20-16:58:03,,,v1
MOBS-GLEAM_COVID,2020-05-25,07/15/20-16:58:03,,,v1
MOBS-GLEAM_COVID,2020-06-01,07/15/20-16:58:03,,,v1
MOBS-GLEAM_COVID,2020-06-08,07/15/20-16:58:03,,,v1
MOBS-GLEAM_COVID,2020-06-15,07/15/20-16:58:03,,,v1
MOBS-GLEAM_COVID,2020-06-22,07/15/20-16:58:03,,,v1
MOBS-GLEAM_COVID,2020-06-29,07/15/20-16:58:03,,,v1
MOBS-GLEAM_COVID,2020-07-06,07/15/20-16:58:03,,,v1
MOBS-GLEAM_COVID,2020-07-13,07/15/20-16:58:03,,,v1
MOBS-GLEAM_COVID,2020-07-20,07/21/20-07:16:47,,,v1
MOBS-GLEAM_COVID,2020-07-27,07/27/20-18:40:24,,,v1
MOBS-GLEAM_COVID,2020-08-03,08/03/20-18:41:45,08/12/20-21:59:25,,v2
MOBS-GLEAM_COVID,2020-08-10,08/10/20-18:33:24,08/12/20-21:59:25,,v2
MOBS-GLEAM_COVID,2020-08-17,08/17/20-17:53:42,,,v1
MOBS-GLEAM_COVID,2020-08-24,08/24/20-18:20:50,,,v1
MOBS-GLEAM_COVID,2020-08-31,08/31/20-17:45:07,,,v1
MOBS-GLEAM_COVID,2020-09-07,09/07/20-13:31:11,,,v1
MOBS-GLEAM_COVID,2020-09-14,09/14/20-18:14:17,,,v1
MOBS-GLEAM_COVID,2020-09-21,09/21/20-18:05:54,09/28/20-11:05:16,,v2
MOBS-GLEAM_COVID,2020-09-28,09/28/20-17:07:21,,,v1
MOBS-GLEAM_COVID,2020-10-05,10/06/20-04:41:23,,,v1
MOBS-GLEAM_COVID,2020-10-12,10/12/20-18:13:15,,,v1
MOBS-GLEAM_COVID,2020-10-19,10/19/20-19:53:39,,,v1
MOBS-GLEAM_COVID,2020-10-26,10/26/20-18:34:17,,,v1
MOBS-GLEAM_COVID,2020-11-02,11/02/20-18:20:43,,,v1
MOBS-GLEAM_COVID,2020-11-09,11/09/20-18:00:52,,,v1
MSRA-DeepST,2020-10-12,10/12/20-10:49:23,,,v1
MSRA-DeepST,2020-10-19,10/19/20-10:03:25,10/19/20-23:17:48,,v2
MSRA-DeepST,2020-10-26,10/26/20-22:34:56,,,v1
MSRA-DeepST,2020-11-02,11/02/20-23:29:43,,,v1
MSRA-DeepST,2020-11-09,11/09/20-11:35:43,,,v1
NotreDame-FRED,2020-05-04,05/04/20-16:04:12,,,v1
NotreDame-FRED,2020-05-11,05/11/20-16:47:55,,,v1
NotreDame-FRED,2020-05-18,05/18/20-17:59:34,,,v1
NotreDame-FRED,2020-05-25,05/25/20-17:05:28,,,v1
NotreDame-FRED,2020-06-01,06/01/20-16:30:13,,,v1
NotreDame-FRED,2020-06-08,06/08/20-18:14:55,,,v1
NotreDame-FRED,2020-06-15,06/15/20-17:24:39,,,v1
NotreDame-FRED,2020-06-22,06/22/20-17:23:23,,,v1
NotreDame-FRED,2020-06-29,06/29/20-16:01:29,,,v1
NotreDame-FRED,2020-07-06,07/06/20-21:08:10,,,v1
NotreDame-FRED,2020-07-13,07/13/20-21:13:01,,,v1
NotreDame-FRED,2020-07-20,07/20/20-17:20:03,,,v1
NotreDame-FRED,2020-07-27,07/27/20-18:34:37,,,v1
NotreDame-FRED,2020-08-03,08/03/20-18:11:50,,,v1
NotreDame-FRED,2020-08-10,08/10/20-18:37:58,,,v1
NotreDame-FRED,2020-08-17,08/17/20-21:43:07,,,v1
NotreDame-FRED,2020-08-24,08/24/20-14:15:17,,,v1
NotreDame-FRED,2020-08-31,08/31/20-21:08:11,,,v1
NotreDame-FRED,2020-09-07,09/07/20-22:57:43,,,v1
NotreDame-FRED,2020-09-14,09/15/20-10:47:55,,,v1
NotreDame-FRED,2020-09-21,09/21/20-11:51:05,,,v1
NotreDame-FRED,2020-09-28,09/28/20-17:08:53,,,v1
NotreDame-FRED,2020-10-05,10/06/20-04:34:03,,,v1
NotreDame-FRED,2020-10-12,10/12/20-18:13:44,,,v1
NotreDame-FRED,2020-10-19,10/19/20-23:07:41,,,v1
NotreDame-FRED,2020-10-26,10/27/20-13:53:07,,,v1
NotreDame-FRED,2020-11-02,11/02/20-20:59:08,,,v1
NotreDame-FRED,2020-11-09,11/10/20-11:34:30,,,v1
NotreDame-mobility,2020-06-22,06/22/20-18:48:26,,,v1
NotreDame-mobility,2020-06-29,06/29/20-15:12:27,,,v1
NotreDame-mobility,2020-07-06,07/06/20-21:03:47,,,v1
NotreDame-mobility,2020-07-13,07/13/20-17:32:34,,,v1
NotreDame-mobility,2020-07-20,07/20/20-16:16:03,,,v1
NotreDame-mobility,2020-07-27,07/27/20-18:26:51,,,v1
NotreDame-mobility,2020-08-03,08/03/20-18:12:37,,,v1
NotreDame-mobility,2020-08-10,08/10/20-15:23:53,,,v1
NotreDame-mobility,2020-08-17,08/17/20-21:42:22,,,v1
NotreDame-mobility,2020-08-24,08/24/20-14:15:56,,,v1
NotreDame-mobility,2020-08-31,08/31/20-17:26:33,,,v1
NotreDame-mobility,2020-09-06,09/07/20-02:03:54,,,v1
NotreDame-mobility,2020-09-14,09/14/20-17:48:41,,,v1
NotreDame-mobility,2020-09-21,09/21/20-17:54:47,,,v1
NotreDame-mobility,2020-09-28,09/28/20-17:17:02,,,v1
NotreDame-mobility,2020-10-05,10/06/20-04:45:15,,,v1
NotreDame-mobility,2020-10-12,10/12/20-18:12:45,,,v1
NotreDame-mobility,2020-10-19,10/19/20-23:14:40,,,v1
NotreDame-mobility,2020-10-26,10/26/20-12:32:58,,,v1
NotreDame-mobility,2020-11-02,11/02/20-14:09:54,,,v1
NotreDame-mobility,2020-11-09,11/09/20-12:04:47,,,v1
OliverWyman-Navigator,2020-06-07,06/13/20-18:09:55,,,v1
OliverWyman-Navigator,2020-06-14,06/15/20-14:58:00,,,v1
OliverWyman-Navigator,2020-06-21,06/22/20-15:32:02,,,v1
OliverWyman-Navigator,2020-06-28,06/29/20-16:29:01,,,v1
OliverWyman-Navigator,2020-07-05,07/06/20-21:05:34,,,v1
OliverWyman-Navigator,2020-07-12,07/13/20-16:51:00,,,v1
OliverWyman-Navigator,2020-07-19,07/20/20-16:47:32,,,v1
OliverWyman-Navigator,2020-07-26,07/27/20-18:43:48,,,v1
OliverWyman-Navigator,2020-08-02,08/03/20-18:10:45,,,v1
OliverWyman-Navigator,2020-08-09,08/10/20-18:35:58,,,v1
OliverWyman-Navigator,2020-08-16,08/17/20-17:54:14,,,v1
OliverWyman-Navigator,2020-08-23,08/24/20-18:20:05,,,v1
OliverWyman-Navigator,2020-08-30,08/31/20-17:18:11,,,v1
OliverWyman-Navigator,2020-09-06,09/07/20-17:31:30,,,v1
OliverWyman-Navigator,2020-09-13,09/14/20-17:46:17,,,v1
OliverWyman-Navigator,2020-09-20,09/21/20-18:00:18,,,v1
OliverWyman-Navigator,2020-09-27,09/28/20-17:06:37,,,v1
OliverWyman-Navigator,2020-10-04,10/06/20-04:50:10,,,v1
OliverWyman-Navigator,2020-10-11,10/12/20-18:17:49,,,v1
OliverWyman-Navigator,2020-10-18,10/19/20-23:12:39,,,v1
OliverWyman-Navigator,2020-10-25,10/26/20-18:36:52,,,v1
OliverWyman-Navigator,2020-11-01,11/02/20-14:13:02,,,v1
OliverWyman-Navigator,2020-11-08,11/09/20-14:55:28,,,v1
PandemicCentral-USCounty,2020-08-05,08/10/20-09:59:11,,,v1
PandemicCentral-USCounty,2020-08-08,08/11/20-01:58:44,,,v1
PandemicCentral-USCounty,2020-08-21,08/24/20-13:29:16,,,v1
PandemicCentral-USCounty,2020-08-25,08/26/20-15:32:06,,,v1
PandemicCentral-USCounty,2020-08-31,09/01/20-03:00:18,,,v1
PandemicCentral-USCounty,2020-09-07,09/08/20-19:04:11,,,v1
PandemicCentral-USCounty,2020-09-14,09/14/20-02:36:49,,,v1
PandemicCentral-USCounty,2020-09-21,09/21/20-02:55:37,,,v1
PandemicCentral-USCounty,2020-09-28,09/28/20-05:03:20,,,v1
PandemicCentral-USCounty,2020-10-05,10/05/20-04:37:30,,,v1
PandemicCentral-USCounty,2020-10-12,10/12/20-07:18:41,,,v1
PandemicCentral-USCounty,2020-10-19,10/19/20-03:34:59,,,v1
PandemicCentral-USCounty,2020-10-26,10/26/20-08:48:41,,,v1
PandemicCentral-USCounty,2020-11-02,11/02/20-03:19:21,,,v1
PandemicCentral-USCounty,2020-11-09,11/09/20-08:57:40,,,v1
PSI-DRAFT,2020-05-18,05/18/20-20:40:13,05/26/20-19:39:47,,v2
PSI-DRAFT,2020-05-25,05/25/20-17:05:07,05/26/20-19:39:47,,v2
PSI-DRAFT,2020-06-01,06/01/20-16:50:39,,,v1
PSI-DRAFT,2020-06-08,06/08/20-17:55:15,,,v1
PSI-DRAFT,2020-06-15,06/15/20-16:38:16,,,v1
PSI-DRAFT,2020-06-22,06/22/20-17:27:30,,,v1
PSI-DRAFT,2020-06-29,06/29/20-17:13:28,,,v1
PSI-DRAFT,2020-07-06,07/06/20-21:04:15,,,v1
PSI-DRAFT,2020-07-13,07/13/20-19:53:19,,,v1
PSI-DRAFT,2020-07-20,07/20/20-17:20:38,,,v1
PSI-DRAFT,2020-07-27,07/27/20-20:45:38,,,v1
PSI-DRAFT,2020-08-03,08/03/20-16:38:38,,,v1
PSI-DRAFT,2020-08-10,08/10/20-15:08:09,,,v1
PSI-DRAFT,2020-08-17,08/17/20-14:44:34,,,v1
PSI-DRAFT,2020-08-24,08/24/20-15:51:19,,,v1
PSI-DRAFT,2020-08-31,08/31/20-15:13:42,,,v1
PSI-DRAFT,2020-09-07,09/07/20-18:22:18,,,v1
PSI-DRAFT,2020-09-14,09/14/20-17:44:40,,,v1
PSI-DRAFT,2020-09-21,09/21/20-17:55:16,,,v1
PSI-DRAFT,2020-09-28,09/28/20-17:17:35,,,v1
PSI-DRAFT,2020-10-05,10/06/20-04:50:41,,,v1
PSI-DRAFT,2020-10-12,10/12/20-18:19:14,,,v1
PSI-DRAFT,2020-10-19,10/19/20-23:13:01,,,v1
PSI-DRAFT,2020-10-26,10/26/20-14:40:54,,,v1
PSI-DRAFT,2020-11-02,11/02/20-15:53:25,,,v1
PSI-DRAFT,2020-11-09,11/09/20-17:44:41,,,v1
QJHong-Encounter,2020-07-01,07/02/20-23:45:35,,,v1
QJHong-Encounter,2020-07-03,07/05/20-08:13:29,,,v1
QJHong-Encounter,2020-07-08,07/13/20-13:48:50,,,v1
QJHong-Encounter,2020-07-10,07/13/20-15:46:39,,,v1
QJHong-Encounter,2020-07-11,07/13/20-15:47:23,,,v1
QJHong-Encounter,2020-07-18,07/19/20-11:13:08,,,v1
QJHong-Encounter,2020-07-25,07/26/20-18:50:50,,,v1
QJHong-Encounter,2020-07-27,07/27/20-23:58:05,,,v1
QJHong-Encounter,2020-08-03,08/03/20-21:56:33,,,v1
QJHong-Encounter,2020-08-10,08/10/20-13:00:16,,,v1
QJHong-Encounter,2020-08-17,08/17/20-21:42:45,,,v1
QJHong-Encounter,2020-08-23,08/24/20-01:01:15,,,v1
QJHong-Encounter,2020-08-30,08/30/20-17:45:15,,,v1
QJHong-Encounter,2020-09-06,09/06/20-17:55:42,,,v1
QJHong-Encounter,2020-09-13,09/14/20-00:14:50,,,v1
QJHong-Encounter,2020-09-20,09/20/20-22:14:58,,,v1
QJHong-Encounter,2020-09-27,09/28/20-01:26:05,,,v1
QJHong-Encounter,2020-10-04,10/04/20-21:56:36,,,v1
QJHong-Encounter,2020-10-11,10/12/20-07:16:37,,,v1
QJHong-Encounter,2020-10-18,10/18/20-22:36:13,,,v1
QJHong-Encounter,2020-10-25,10/26/20-08:41:50,,,v1
QJHong-Encounter,2020-11-01,11/02/20-00:35:23,,,v1
QJHong-Encounter,2020-11-08,11/08/20-20:23:33,,,v1
Quantori-Multiagents,2020-05-08,05/09/20-10:22:31,,,v1
SteveMcConnell-CovidComplete,2020-08-22,08/23/20-11:52:15,,,v1
SteveMcConnell-CovidComplete,2020-08-23,08/24/20-02:15:00,,,v1
SteveMcConnell-CovidComplete,2020-08-24,08/24/20-18:22:18,,,v1
SteveMcConnell-CovidComplete,2020-08-30,08/31/20-03:17:12,,,v1
SteveMcConnell-CovidComplete,2020-08-31,08/31/20-17:17:33,,,v1
SteveMcConnell-CovidComplete,2020-09-07,09/07/20-14:34:55,,,v1
SteveMcConnell-CovidComplete,2020-09-13,09/14/20-02:49:48,,,v1
SteveMcConnell-CovidComplete,2020-09-14,09/14/20-17:58:42,,,v1
SteveMcConnell-CovidComplete,2020-09-21,09/21/20-14:45:29,,,v1
SteveMcConnell-CovidComplete,2020-09-28,09/28/20-17:15:02,,,v1
SteveMcConnell-CovidComplete,2020-10-05,10/06/20-04:48:09,,,v1
SteveMcConnell-CovidComplete,2020-10-12,10/12/20-18:16:21,,,v1
SteveMcConnell-CovidComplete,2020-10-19,10/19/20-23:12:06,,,v1
SteveMcConnell-CovidComplete,2020-10-26,10/26/20-17:25:40,,,v1
SteveMcConnell-CovidComplete,2020-11-02,11/02/20-15:54:02,,,v1
SteveMcConnell-CovidComplete,2020-11-09,11/09/20-17:58:11,,,v1
STH-3PU,2020-06-11,06/11/20-07:49:22,06/11/20-10:36:26,,v2
STH-3PU,2020-06-12,06/12/20-08:59:22,,,v1
STH-3PU,2020-06-13,06/13/20-09:51:47,,,v1
STH-3PU,2020-06-14,06/15/20-09:51:58,,,v1
STH-3PU,2020-06-15,06/15/20-09:51:58,,,v1
STH-3PU,2020-06-16,06/16/20-10:18:03,,,v1
STH-3PU,2020-06-17,06/17/20-08:42:52,,,v1
STH-3PU,2020-06-18,06/18/20-09:06:33,,,v1
STH-3PU,2020-06-19,06/19/20-09:16:47,,,v1
STH-3PU,2020-06-20,06/21/20-16:50:05,,,v1
STH-3PU,2020-06-21,06/22/20-17:15:58,,,v1
STH-3PU,2020-06-22,06/22/20-17:15:58,,,v1
STH-3PU,2020-06-23,06/23/20-08:07:48,,,v1
STH-3PU,2020-06-24,06/24/20-13:09:28,,,v1
STH-3PU,2020-06-25,06/26/20-13:50:40,,,v1
STH-3PU,2020-06-26,06/26/20-13:50:40,,,v1
STH-3PU,2020-06-27,06/27/20-10:41:58,,,v1
STH-3PU,2020-06-28,06/28/20-12:07:55,,,v1
STH-3PU,2020-06-29,06/29/20-08:05:29,,,v1
STH-3PU,2020-06-30,06/30/20-08:15:55,,,v1
STH-3PU,2020-07-01,07/01/20-08:18:20,,,v1
STH-3PU,2020-07-02,07/02/20-23:45:53,,,v1
STH-3PU,2020-07-03,07/03/20-17:44:03,,,v1
STH-3PU,2020-07-04,07/05/20-08:13:45,,,v1
STH-3PU,2020-07-05,07/06/20-19:37:00,,,v1
STH-3PU,2020-07-06,07/06/20-19:37:00,,,v1
STH-3PU,2020-07-07,07/07/20-17:22:12,,,v1
STH-3PU,2020-07-08,07/13/20-11:58:17,,,v1
STH-3PU,2020-07-09,07/13/20-11:58:17,,,v1
STH-3PU,2020-07-10,07/13/20-11:58:17,,,v1
STH-3PU,2020-07-11,07/13/20-11:58:17,,,v1
STH-3PU,2020-07-12,07/13/20-11:58:17,,,v1
STH-3PU,2020-07-13,07/13/20-11:58:17,,,v1
STH-3PU,2020-07-14,07/14/20-11:52:37,,,v1
STH-3PU,2020-07-15,07/19/20-12:21:06,,,v1
STH-3PU,2020-07-16,07/19/20-12:21:06,,,v1
STH-3PU,2020-07-17,07/19/20-12:21:06,,,v1
STH-3PU,2020-07-19,07/19/20-23:16:35,,,v1
STH-3PU,2020-07-21,07/21/20-08:26:21,,,v1
STH-3PU,2020-07-22,07/22/20-06:25:50,,,v1
STH-3PU,2020-07-23,07/23/20-11:28:24,,,v1
STH-3PU,2020-07-25,07/26/20-18:54:02,,,v1
STH-3PU,2020-08-01,08/01/20-12:19:51,,,v1
STH-3PU,2020-08-09,08/09/20-17:22:32,,,v1
STH-3PU,2020-08-15,08/15/20-13:58:28,,,v1
STH-3PU,2020-08-16,08/16/20-14:45:35,,,v1
STH-3PU,2020-08-22,08/22/20-10:58:04,,,v1
STH-3PU,2020-08-23,08/23/20-11:47:13,,,v1
STH-3PU,2020-08-30,08/30/20-17:44:49,,,v1
STH-3PU,2020-09-05,09/05/20-18:36:12,,,v1
STH-3PU,2020-09-06,09/06/20-12:55:57,,,v1
STH-3PU,2020-09-12,09/13/20-12:37:56,,,v1
STH-3PU,2020-09-13,09/14/20-00:13:18,,,v1
STH-3PU,2020-09-19,09/20/20-20:05:03,,,v1
STH-3PU,2020-09-21,09/21/20-08:31:16,,,v1
STH-3PU,2020-09-29,09/29/20-08:47:48,,,v1
STH-3PU,2020-10-05,10/05/20-11:23:04,,,v1
STH-3PU,2020-10-12,10/12/20-10:46:55,,,v1
STH-3PU,2020-10-18,10/18/20-17:29:56,,,v1
STH-3PU,2020-10-26,10/26/20-09:46:58,,,v1
STH-3PU,2020-11-01,11/01/20-19:23:31,,,v1
SWC-TerminusCM,2020-05-25,05/26/20-20:54:09,,,v1
SWC-TerminusCM,2020-05-29,05/31/20-09:43:56,,,v1
SWC-TerminusCM,2020-05-30,06/01/20-11:44:23,,,v1
SWC-TerminusCM,2020-06-07,06/08/20-12:27:09,,,v1
SWC-TerminusCM,2020-06-15,06/15/20-15:36:27,,,v1
SWC-TerminusCM,2020-06-29,06/29/20-19:04:42,,,v1
TTU-squider,2020-08-17,08/17/20-21:49:21,,,v1
TTU-squider,2020-08-23,08/23/20-20:37:53,,,v1
TTU-squider,2020-09-13,09/14/20-00:16:26,,,v1
TTU-squider,2020-09-27,09/27/20-17:26:24,,,v1
TTU-squider,2020-10-04,10/05/20-11:25:16,,,v1
TTU-squider,2020-10-11,10/12/20-07:15:07,,,v1
TTU-squider,2020-10-18,10/18/20-21:05:59,,,v1
TTU-squider,2020-10-25,10/26/20-08:18:25,,,v1
TTU-squider,2020-11-01,11/01/20-15:06:26,,,v1
TTU-squider,2020-11-08,11/08/20-17:39:19,,,v1
UA-EpiCovDA,2020-05-23,05/25/20-09:16:45,,,v1
UA-EpiCovDA,2020-05-31,06/01/20-08:10:24,,,v1
UA-EpiCovDA,2020-06-07,06/08/20-15:32:00,,,v1
UA-EpiCovDA,2020-06-14,06/15/20-15:37:06,,,v1
UA-EpiCovDA,2020-06-19,06/21/20-21:08:00,,,v1
UA-EpiCovDA,2020-06-21,06/22/20-17:29:43,,,v1
UA-EpiCovDA,2020-06-28,06/29/20-14:36:04,,,v1
UA-EpiCovDA,2020-07-05,07/06/20-20:56:39,,,v1
UA-EpiCovDA,2020-07-12,07/13/20-16:05:48,,,v1
UA-EpiCovDA,2020-07-19,07/20/20-15:37:41,,,v1
UA-EpiCovDA,2020-07-26,07/27/20-18:41:32,,,v1
UA-EpiCovDA,2020-08-02,08/03/20-13:26:00,,,v1
UA-EpiCovDA,2020-08-09,08/11/20-13:07:13,,,v1
UA-EpiCovDA,2020-08-16,08/17/20-13:05:16,,,v1
UA-EpiCovDA,2020-08-23,08/24/20-14:16:26,,,v1
UA-EpiCovDA,2020-08-30,08/31/20-15:14:03,,,v1
UA-EpiCovDA,2020-09-06,09/07/20-13:56:49,,,v1
UA-EpiCovDA,2020-09-13,09/14/20-17:44:16,,,v1
UA-EpiCovDA,2020-09-20,09/21/20-14:23:41,,,v1
UA-EpiCovDA,2020-09-27,09/28/20-11:58:26,,,v1
UA-EpiCovDA,2020-10-04,10/05/20-13:15:34,,,v1
UA-EpiCovDA,2020-10-11,10/12/20-17:15:27,,,v1
UA-EpiCovDA,2020-10-18,10/19/20-23:15:57,,,v1
UA-EpiCovDA,2020-10-25,10/26/20-17:25:12,,,v1
UA-EpiCovDA,2020-11-01,11/02/20-15:51:01,,,v1
UA-EpiCovDA,2020-11-08,11/09/20-14:53:37,,,v1
UChicago-CovidIL,2020-05-05,05/21/20-10:00:41,,,v1
UChicago-CovidIL,2020-05-11,05/21/20-10:00:41,,,v1
UChicago-CovidIL,2020-05-18,05/21/20-10:00:41,,,v1
UChicago-CovidIL_100,2020-05-05,05/07/20-14:01:37,,,v1
UChicago-CovidIL_100,2020-05-11,05/11/20-12:35:42,,,v1
UChicago-CovidIL_100,2020-05-18,05/18/20-13:37:54,,,v1
UChicago-CovidIL_10_+,2020-05-18,07/15/20-16:58:03,,,v1
UChicago-CovidIL_30_+,2020-05-18,07/15/20-16:58:03,,,v1
UChicago-CovidIL_40,2020-05-05,05/07/20-14:01:37,,,v1
UChicago-CovidIL_40,2020-05-11,05/11/20-12:35:42,,,v1
UChicago-CovidIL_60,2020-05-05,05/07/20-14:01:37,,,v1
UChicago-CovidIL_60,2020-05-11,05/11/20-12:35:42,,,v1
UChicago-CovidIL_80,2020-05-05,05/07/20-14:01:37,,,v1
UChicago-CovidIL_80,2020-05-11,05/11/20-12:35:42,,,v1
UChicagoCHATTOPADHYAY-UnIT,2020-11-08,11/09/20-14:51:06,,,v1
UCLA-SuEIR,2020-05-01,05/03/20-18:51:19,05/04/20-10:19:09,,v2
UCLA-SuEIR,2020-05-10,05/11/20-09:52:04,05/11/20-15:23:45,,v2
UCLA-SuEIR,2020-05-17,05/18/20-09:28:16,,,v1
UCLA-SuEIR,2020-05-24,05/25/20-09:17:15,,,v1
UCLA-SuEIR,2020-05-31,06/01/20-08:09:06,,,v1
UCLA-SuEIR,2020-06-07,06/08/20-12:16:20,06/08/20-17:52:11,,v2
UCLA-SuEIR,2020-06-14,06/15/20-04:27:37,,,v1
UCLA-SuEIR,2020-06-21,06/22/20-13:14:19,,,v1
UCLA-SuEIR,2020-06-28,06/29/20-16:28:39,,,v1
UCLA-SuEIR,2020-07-05,07/06/20-20:55:43,07/07/20-19:12:33,,v2
UCLA-SuEIR,2020-07-12,07/13/20-16:02:25,,,v1
UCLA-SuEIR,2020-07-19,07/20/20-14:00:13,07/22/20-08:41:03,,v2
UCLA-SuEIR,2020-07-26,07/27/20-01:01:03,,,v1
UCLA-SuEIR,2020-08-02,08/03/20-03:44:36,,,v1
UCLA-SuEIR,2020-08-09,08/10/20-03:25:01,,,v1
UCLA-SuEIR,2020-08-16,08/17/20-14:43:29,,,v1
UCLA-SuEIR,2020-08-23,08/24/20-15:49:25,,,v1
UCLA-SuEIR,2020-08-30,08/31/20-03:17:57,,,v1
UCLA-SuEIR,2020-09-06,09/07/20-02:12:00,,,v1
UCLA-SuEIR,2020-09-13,09/14/20-02:52:37,,,v1
UCLA-SuEIR,2020-09-20,09/21/20-04:13:14,,,v1
UCLA-SuEIR,2020-09-27,09/28/20-02:49:11,,,v1
UCLA-SuEIR,2020-10-04,10/05/20-04:37:08,,,v1
UCLA-SuEIR,2020-10-11,10/12/20-07:18:18,,,v1
UCLA-SuEIR,2020-10-18,10/19/20-04:02:44,,,v1
UCLA-SuEIR,2020-10-25,10/26/20-08:50:17,,,v1
UCLA-SuEIR,2020-11-01,11/02/20-00:38:17,,,v1
UCLA-SuEIR,2020-11-08,11/09/20-04:10:50,,,v1
UCM_MESALab-FoGSEIR,2020-07-26,07/31/20-18:25:12,,,v1
UCM_MESALab-FoGSEIR,2020-08-02,08/03/20-05:19:22,,,v1
UCM_MESALab-FoGSEIR,2020-08-09,08/10/20-05:51:05,,,v1
UCM_MESALab-FoGSEIR,2020-08-16,08/17/20-17:50:51,,,v1
UCM_MESALab-FoGSEIR,2020-08-23,08/24/20-12:19:53,,,v1
UCM_MESALab-FoGSEIR,2020-08-30,08/31/20-11:37:57,,,v1
UCM_MESALab-FoGSEIR,2020-09-06,09/07/20-02:23:38,,,v1
UCM_MESALab-FoGSEIR,2020-09-13,09/14/20-17:54:48,,,v1
UCM_MESALab-FoGSEIR,2020-09-20,09/21/20-11:53:52,,,v1
UCM_MESALab-FoGSEIR,2020-09-27,09/28/20-04:13:52,,,v1
UCM_MESALab-FoGSEIR,2020-10-04,10/05/20-04:36:13,,,v1
UCM_MESALab-FoGSEIR,2020-10-11,10/12/20-07:17:55,,,v1
UCM_MESALab-FoGSEIR,2020-10-18,10/18/20-17:30:54,,,v1
UCM_MESALab-FoGSEIR,2020-10-25,10/26/20-02:31:56,,,v1
UCM_MESALab-FoGSEIR,2020-11-01,11/02/20-15:49:37,,,v1
UCM_MESALab-FoGSEIR,2020-11-08,11/09/20-14:54:38,,,v1
UCSB-ACTS,2020-10-25,10/26/20-08:23:55,,,v1
UCSB-ACTS,2020-11-01,11/01/20-17:19:26,,,v1
UCSB-ACTS,2020-11-08,11/08/20-20:24:56,,,v1
UCSD_NEU-DeepGLEAM,2020-09-07,09/07/20-23:00:54,,,v1
UCSD_NEU-DeepGLEAM,2020-09-14,09/14/20-18:08:07,,,v1
UCSD_NEU-DeepGLEAM,2020-09-21,09/21/20-17:58:54,,,v1
UCSD_NEU-DeepGLEAM,2020-09-28,09/28/20-17:09:42,,,v1
UCSD_NEU-DeepGLEAM,2020-10-05,10/06/20-04:39:05,,,v1
UCSD_NEU-DeepGLEAM,2020-10-12,10/12/20-18:18:40,,,v1
UCSD_NEU-DeepGLEAM,2020-10-19,10/19/20-19:53:18,,,v1
UCSD_NEU-DeepGLEAM,2020-10-26,10/26/20-18:35:11,,,v1
UCSD_NEU-DeepGLEAM,2020-11-02,11/02/20-18:19:09,,,v1
UCSD_NEU-DeepGLEAM,2020-11-09,11/09/20-17:59:03,,,v1
UMass-MechBayes,2020-05-03,05/04/20-22:39:16,,,v1
UMass-MechBayes,2020-05-10,05/11/20-16:44:37,05/11/20-20:48:50,,v2
UMass-MechBayes,2020-05-17,05/18/20-17:59:18,,,v1
UMass-MechBayes,2020-05-24,05/25/20-18:45:05,,,v1
UMass-MechBayes,2020-05-31,06/01/20-15:47:56,06/17/20-16:14:26,06/18/20-22:38:23,v3
UMass-MechBayes,2020-06-07,06/08/20-17:53:40,,,v1
UMass-MechBayes,2020-06-14,06/15/20-15:36:48,,,v1
UMass-MechBayes,2020-06-21,06/22/20-17:28:45,,,v1
UMass-MechBayes,2020-06-28,06/29/20-18:13:47,,,v1
UMass-MechBayes,2020-07-05,07/07/20-08:59:39,07/15/20-11:51:33,,v2
UMass-MechBayes,2020-07-12,07/13/20-19:46:47,07/15/20-11:51:33,07/17/20-16:41:11,v3
UMass-MechBayes,2020-07-19,07/20/20-17:19:20,,,v1
UMass-MechBayes,2020-07-26,07/27/20-18:18:17,,,v1
UMass-MechBayes,2020-08-02,08/03/20-13:22:56,,,v1
UMass-MechBayes,2020-08-09,08/10/20-10:50:55,,,v1
UMass-MechBayes,2020-08-16,08/17/20-13:04:47,,,v1
UMass-MechBayes,2020-08-23,08/24/20-11:24:09,,,v1
UMass-MechBayes,2020-08-30,08/31/20-17:19:06,,,v1
UMass-MechBayes,2020-09-06,09/07/20-16:06:45,,,v1
UMass-MechBayes,2020-09-13,09/14/20-12:24:31,,,v1
UMass-MechBayes,2020-09-20,09/21/20-12:26:26,,,v1
UMass-MechBayes,2020-09-27,09/28/20-17:13:32,,,v1
UMass-MechBayes,2020-10-04,10/06/20-08:03:13,,,v1
UMass-MechBayes,2020-10-11,10/12/20-17:11:17,,,v1
UMass-MechBayes,2020-10-18,10/19/20-12:40:19,,,v1
UMass-MechBayes,2020-10-25,10/26/20-18:31:18,,,v1
UMass-MechBayes,2020-11-01,11/02/20-14:08:11,,,v1
UMass-MechBayes,2020-11-08,11/09/20-17:58:35,,,v1
UMich-RidgeTfReg,2020-07-06,07/15/20-16:58:03,,,v1
UMich-RidgeTfReg,2020-07-12,07/15/20-16:58:03,,,v1
UMich-RidgeTfReg,2020-07-20,07/20/20-13:57:02,,,v1
UMich-RidgeTfReg,2020-07-27,07/27/20-18:36:49,,,v1
UMich-RidgeTfReg,2020-08-03,08/03/20-12:02:48,,,v1
UMich-RidgeTfReg,2020-08-10,08/10/20-12:59:55,,,v1
UMich-RidgeTfReg,2020-08-17,08/17/20-17:38:31,,,v1
UMich-RidgeTfReg,2020-08-24,08/24/20-18:19:08,,,v1
UMich-RidgeTfReg,2020-08-31,08/31/20-15:14:35,,,v1
UMich-RidgeTfReg,2020-09-07,09/07/20-12:29:26,,,v1
UMich-RidgeTfReg,2020-09-14,09/16/20-12:23:11,,,v1
UMich-RidgeTfReg,2020-09-21,09/21/20-11:05:37,,,v1
UMich-RidgeTfReg,2020-09-28,09/28/20-11:04:07,,,v1
UMich-RidgeTfReg,2020-10-05,10/05/20-12:26:49,,,v1
UMich-RidgeTfReg,2020-10-12,10/12/20-11:10:38,,,v1
UMich-RidgeTfReg,2020-10-19,10/19/20-13:00:22,,,v1
UMich-RidgeTfReg,2020-10-26,10/26/20-12:32:14,,,v1
UMich-RidgeTfReg,2020-11-02,11/02/20-18:01:36,,,v1
UMich-RidgeTfReg,2020-11-09,11/09/20-17:42:53,,,v1
USC-SI_kJalpha,2020-06-23,06/28/20-21:54:22,,,v1
USC-SI_kJalpha,2020-06-27,06/28/20-21:54:22,,,v1
USC-SI_kJalpha,2020-06-28,06/29/20-16:30:43,,,v1
USC-SI_kJalpha,2020-07-05,07/06/20-20:49:04,,,v1
USC-SI_kJalpha,2020-07-12,07/13/20-15:51:02,,,v1
USC-SI_kJalpha,2020-07-19,07/19/20-23:14:57,,,v1
USC-SI_kJalpha,2020-07-26,07/26/20-21:31:43,,,v1
USC-SI_kJalpha,2020-07-27,07/27/20-23:56:54,,,v1
USC-SI_kJalpha,2020-08-02,08/02/20-19:27:39,,,v1
USC-SI_kJalpha,2020-08-09,08/09/20-19:48:57,,,v1
USC-SI_kJalpha,2020-08-16,08/16/20-19:28:25,,,v1
USC-SI_kJalpha,2020-08-23,08/23/20-20:35:43,,,v1
USC-SI_kJalpha,2020-08-30,08/30/20-18:38:01,,,v1
USC-SI_kJalpha,2020-09-06,09/06/20-17:55:09,,,v1
USC-SI_kJalpha,2020-09-13,09/14/20-00:16:47,,,v1
USC-SI_kJalpha,2020-09-20,09/20/20-20:07:44,09/21/20-17:59:49,,v2
USC-SI_kJalpha,2020-09-27,09/27/20-17:25:43,,,v1
USC-SI_kJalpha,2020-10-04,10/04/20-21:57:56,,,v1
USC-SI_kJalpha,2020-10-11,10/12/20-07:16:13,,,v1
USC-SI_kJalpha,2020-10-18,10/18/20-21:05:04,,,v1
USC-SI_kJalpha,2020-10-25,10/26/20-08:44:06,,,v1
USC-SI_kJalpha,2020-11-01,11/02/20-09:07:58,11/09/20-16:33:13,,v2
USC-SI_kJalpha,2020-11-08,11/09/20-16:33:13,,,v1
USC-SI_kJalpha_RF,2020-11-01,11/02/20-09:09:03,11/11/20-10:18:13,,v2
USC-SI_kJalpha_RF,2020-11-08,11/09/20-16:33:13,11/11/20-10:18:13,,v2
UT-Mobility,2020-05-04,05/04/20-16:03:55,,,v1
UT-Mobility,2020-05-11,05/11/20-15:28:21,,,v1
UT-Mobility,2020-05-18,05/18/20-10:49:56,,,v1
UT-Mobility,2020-05-25,05/25/20-19:51:03,05/26/20-17:05:51,,v2
UT-Mobility,2020-06-01,06/01/20-16:30:42,,,v1
UT-Mobility,2020-06-08,06/08/20-12:11:13,,,v1
UT-Mobility,2020-06-15,06/15/20-15:35:08,,,v1
UT-Mobility,2020-06-22,06/22/20-15:32:44,,,v1
UT-Mobility,2020-06-29,06/29/20-17:12:32,,,v1
UT-Mobility,2020-07-06,07/06/20-20:56:11,,,v1
UT-Mobility,2020-07-13,07/13/20-16:00:52,,,v1
UT-Mobility,2020-07-20,07/20/20-14:00:28,,,v1
UT-Mobility,2020-07-27,07/27/20-18:42:46,,,v1
UT-Mobility,2020-08-03,08/03/20-14:51:06,,,v1
UT-Mobility,2020-08-17,08/17/20-17:51:39,,,v1
UT-Mobility,2020-08-24,08/24/20-11:24:48,,,v1
UT-Mobility,2020-09-14,09/14/20-18:09:21,,,v1
UT-Mobility,2020-09-21,09/21/20-14:24:12,,,v1
UT-Mobility,2020-09-28,09/28/20-12:57:35,,,v1
UT-Mobility,2020-10-05,10/05/20-12:25:40,,,v1
UT-Mobility,2020-10-12,10/12/20-17:08:57,,,v1
UT-Mobility,2020-10-19,10/19/20-19:51:24,,,v1
UT-Mobility,2020-10-26,10/26/20-12:31:29,,,v1
UT-Mobility,2020-11-02,11/02/20-11:50:00,,,v1
UT-Mobility,2020-11-09,11/09/20-12:05:12,,,v1
UVA-Ensemble,2020-07-20,07/21/20-09:51:47,,,v1
UVA-Ensemble,2020-07-27,07/28/20-04:19:21,,,v1
UVA-Ensemble,2020-08-03,08/04/20-10:46:26,,,v1
UVA-Ensemble,2020-08-10,08/11/20-10:27:52,,,v1
UVA-Ensemble,2020-08-17,08/18/20-13:21:44,,,v1
UVA-Ensemble,2020-08-24,08/25/20-11:03:01,,,v1
UVA-Ensemble,2020-08-31,09/02/20-00:01:19,,,v1
UVA-Ensemble,2020-09-07,09/08/20-09:58:27,,,v1
UVA-Ensemble,2020-09-14,09/15/20-09:53:52,,,v1
UVA-Ensemble,2020-09-21,09/22/20-05:24:12,,,v1
UVA-Ensemble,2020-09-28,09/29/20-10:43:40,,,v1
UVA-Ensemble,2020-10-05,10/06/20-05:27:22,,,v1
UVA-Ensemble,2020-10-12,10/13/20-01:52:00,,,v1
UVA-Ensemble,2020-10-19,10/20/20-12:41:22,,,v1
UVA-Ensemble,2020-10-26,10/27/20-09:40:22,,,v1
UVA-Ensemble,2020-11-02,11/03/20-07:09:56,,,v1
UVA-Ensemble,2020-11-09,11/10/20-12:00:25,,,v1
WalmartLabsML-LogForecasting,2020-08-23,08/24/20-09:06:21,,,v1
WalmartLabsML-LogForecasting,2020-08-30,08/31/20-07:08:47,,,v1
WalmartLabsML-LogForecasting,2020-09-06,09/07/20-02:08:27,,,v1
WalmartLabsML-LogForecasting,2020-09-13,09/14/20-02:35:59,,,v1
WalmartLabsML-LogForecasting,2020-09-20,09/21/20-04:13:40,,,v1
WalmartLabsML-LogForecasting,2020-09-27,09/28/20-04:12:26,,,v1
WalmartLabsML-LogForecasting,2020-10-04,10/05/20-06:27:25,,,v1
WalmartLabsML-LogForecasting,2020-10-11,10/12/20-07:19:51,,,v1
WalmartLabsML-LogForecasting,2020-10-18,10/19/20-05:33:36,,,v1
WalmartLabsML-LogForecasting,2020-10-25,10/26/20-08:49:37,,,v1
WalmartLabsML-LogForecasting,2020-11-01,11/02/20-07:34:30,,,v1
WalmartLabsML-LogForecasting,2020-11-08,11/09/20-04:08:36,,,v1
Yu_Group-CLEP,2020-08-08,08/10/20-09:04:03,,,v1
Yu_Group-CLEP,2020-08-15,08/16/20-18:01:22,,,v1
Yu_Group-CLEP,2020-08-30,08/31/20-21:09:03,,,v1
Yu_Group-CLEP,2020-09-06,09/07/20-17:50:19,,,v1
Yu_Group-CLEP,2020-09-13,09/14/20-19:01:58,,,v1
Yu_Group-CLEP,2020-09-20,09/21/20-21:16:24,,,v1
Yu_Group-CLEP,2020-09-27,09/28/20-18:55:17,,,v1
Yu_Group-CLEP,2020-10-11,10/12/20-18:28:57,,,v1
YYG-ParamSearch,2020-05-01,05/29/20-17:40:28,,,v1
YYG-ParamSearch,2020-05-02,05/29/20-17:40:28,,,v1
YYG-ParamSearch,2020-05-03,05/29/20-17:40:28,,,v1
YYG-ParamSearch,2020-05-04,05/04/20-16:04:28,,,v1
YYG-ParamSearch,2020-05-05,05/29/20-17:40:28,,,v1
YYG-ParamSearch,2020-05-06,05/29/20-17:40:28,,,v1
YYG-ParamSearch,2020-05-07,05/29/20-17:40:28,,,v1
YYG-ParamSearch,2020-05-08,05/29/20-17:40:28,,,v1
YYG-ParamSearch,2020-05-09,05/29/20-17:40:28,,,v1
YYG-ParamSearch,2020-05-10,05/29/20-17:40:28,,,v1
YYG-ParamSearch,2020-05-11,05/11/20-17:10:44,,,v1
YYG-ParamSearch,2020-05-12,05/29/20-17:40:28,,,v1
YYG-ParamSearch,2020-05-13,05/29/20-17:40:28,,,v1
YYG-ParamSearch,2020-05-14,05/29/20-17:40:28,,,v1
YYG-ParamSearch,2020-05-15,05/29/20-17:40:28,,,v1
YYG-ParamSearch,2020-05-16,05/29/20-17:40:28,,,v1
YYG-ParamSearch,2020-05-17,05/29/20-17:40:28,,,v1
YYG-ParamSearch,2020-05-18,05/18/20-17:05:20,,,v1
YYG-ParamSearch,2020-05-19,06/04/20-15:11:15,,,v1
YYG-ParamSearch,2020-05-20,06/04/20-15:11:15,,,v1
YYG-ParamSearch,2020-05-21,06/04/20-15:11:15,,,v1
YYG-ParamSearch,2020-05-22,06/04/20-15:11:15,,,v1
YYG-ParamSearch,2020-05-23,06/04/20-15:11:15,,,v1
YYG-ParamSearch,2020-05-24,06/04/20-15:11:15,,,v1
YYG-ParamSearch,2020-05-25,05/25/20-09:17:04,,,v1
YYG-ParamSearch,2020-05-26,06/04/20-15:11:15,,,v1
YYG-ParamSearch,2020-05-27,06/04/20-15:11:15,,,v1
YYG-ParamSearch,2020-05-28,06/04/20-15:11:15,,,v1
YYG-ParamSearch,2020-05-29,06/04/20-15:11:15,,,v1
YYG-ParamSearch,2020-05-30,06/04/20-15:11:15,,,v1
YYG-ParamSearch,2020-05-31,06/04/20-15:11:15,,,v1
YYG-ParamSearch,2020-06-01,06/01/20-08:09:38,,,v1
YYG-ParamSearch,2020-06-02,06/04/20-15:11:15,,,v1
YYG-ParamSearch,2020-06-03,06/04/20-15:11:15,,,v1
YYG-ParamSearch,2020-06-04,06/04/20-15:11:15,,,v1
YYG-ParamSearch,2020-06-05,06/08/20-12:23:38,,,v1
YYG-ParamSearch,2020-06-06,06/08/20-12:23:38,,,v1
YYG-ParamSearch,2020-06-07,06/08/20-12:23:38,,,v1
YYG-ParamSearch,2020-06-08,06/08/20-12:28:24,,,v1
YYG-ParamSearch,2020-06-09,06/09/20-05:32:47,,,v1
YYG-ParamSearch,2020-06-10,06/10/20-04:33:50,,,v1
YYG-ParamSearch,2020-06-11,06/11/20-07:34:09,,,v1
YYG-ParamSearch,2020-06-12,06/15/20-15:00:48,,,v1
YYG-ParamSearch,2020-06-13,06/15/20-15:00:48,,,v1
YYG-ParamSearch,2020-06-14,06/15/20-15:00:48,,,v1
YYG-ParamSearch,2020-06-15,06/15/20-15:01:01,,,v1
YYG-ParamSearch,2020-06-16,06/17/20-08:42:19,,,v1
YYG-ParamSearch,2020-06-17,06/17/20-08:42:19,,,v1
YYG-ParamSearch,2020-06-18,06/18/20-17:09:49,,,v1
YYG-ParamSearch,2020-06-19,06/20/20-08:08:33,,,v1
YYG-ParamSearch,2020-06-20,06/20/20-08:08:33,,,v1
YYG-ParamSearch,2020-06-21,06/22/20-09:00:13,,,v1
YYG-ParamSearch,2020-06-22,06/22/20-10:41:19,,,v1
YYG-ParamSearch,2020-06-23,06/23/20-07:41:38,,,v1
YYG-ParamSearch,2020-06-24,06/24/20-13:09:07,,,v1
YYG-ParamSearch,2020-06-25,06/26/20-13:39:41,,,v1
YYG-ParamSearch,2020-06-26,06/26/20-13:39:41,,,v1
YYG-ParamSearch,2020-06-27,06/28/20-17:25:40,,,v1
YYG-ParamSearch,2020-06-28,06/28/20-17:25:40,,,v1
YYG-ParamSearch,2020-06-29,06/29/20-07:48:29,,,v1
YYG-ParamSearch,2020-06-30,07/01/20-08:17:54,,,v1
YYG-ParamSearch,2020-07-01,07/01/20-08:17:54,,,v1
YYG-ParamSearch,2020-07-02,07/02/20-03:27:52,,,v1
YYG-ParamSearch,2020-07-03,07/03/20-17:43:41,,,v1
YYG-ParamSearch,2020-07-04,07/06/20-20:47:20,,,v1
YYG-ParamSearch,2020-07-05,07/06/20-20:47:20,,,v1
YYG-ParamSearch,2020-07-06,07/06/20-21:05:10,,,v1
YYG-ParamSearch,2020-07-07,07/08/20-07:49:59,,,v1
YYG-ParamSearch,2020-07-08,07/08/20-07:49:59,,,v1
YYG-ParamSearch,2020-07-09,07/13/20-13:49:42,,,v1
YYG-ParamSearch,2020-07-10,07/13/20-13:49:42,,,v1
YYG-ParamSearch,2020-07-11,07/13/20-13:49:42,,,v1
YYG-ParamSearch,2020-07-12,07/13/20-13:49:42,,,v1
YYG-ParamSearch,2020-07-13,07/13/20-15:55:44,,,v1
YYG-ParamSearch,2020-07-14,07/15/20-08:12:05,,,v1
YYG-ParamSearch,2020-07-15,07/15/20-08:12:05,,,v1
YYG-ParamSearch,2020-07-16,07/17/20-10:22:52,,,v1
YYG-ParamSearch,2020-07-17,07/19/20-11:09:28,,,v1
YYG-ParamSearch,2020-07-18,07/19/20-11:09:28,,,v1
YYG-ParamSearch,2020-07-19,07/19/20-11:09:28,,,v1
YYG-ParamSearch,2020-07-20,07/20/20-16:48:40,,,v1
YYG-ParamSearch,2020-07-21,07/21/20-09:07:12,,,v1
YYG-ParamSearch,2020-07-22,07/23/20-01:49:44,,,v1
YYG-ParamSearch,2020-07-23,07/24/20-04:43:23,,,v1
YYG-ParamSearch,2020-07-24,07/24/20-16:17:30,,,v1
YYG-ParamSearch,2020-07-25,07/26/20-18:51:22,,,v1
YYG-ParamSearch,2020-07-26,07/26/20-18:51:22,,,v1
YYG-ParamSearch,2020-07-27,07/27/20-18:19:43,,,v1
YYG-ParamSearch,2020-07-28,07/28/20-16:07:32,,,v1
YYG-ParamSearch,2020-07-29,07/29/20-16:15:59,,,v1
YYG-ParamSearch,2020-07-30,07/30/20-18:22:27,,,v1
YYG-ParamSearch,2020-07-31,08/01/20-12:21:07,,,v1
YYG-ParamSearch,2020-08-01,08/01/20-12:21:07,,,v1
YYG-ParamSearch,2020-08-02,08/03/20-02:38:02,,,v1
YYG-ParamSearch,2020-08-03,08/03/20-18:11:09,,,v1
YYG-ParamSearch,2020-08-04,08/04/20-03:03:54,,,v1
YYG-ParamSearch,2020-08-05,08/05/20-08:59:48,,,v1
YYG-ParamSearch,2020-08-06,08/06/20-14:50:58,,,v1
YYG-ParamSearch,2020-08-07,08/07/20-17:21:33,,,v1
YYG-ParamSearch,2020-08-08,08/08/20-14:34:02,,,v1
YYG-ParamSearch,2020-08-09,08/10/20-12:58:56,,,v1
YYG-ParamSearch,2020-08-10,08/10/20-18:32:50,,,v1
YYG-ParamSearch,2020-08-11,08/11/20-21:28:46,,,v1
YYG-ParamSearch,2020-08-12,08/12/20-12:35:30,,,v1
YYG-ParamSearch,2020-08-13,08/13/20-04:39:15,,,v1
YYG-ParamSearch,2020-08-14,08/14/20-09:00:33,,,v1
YYG-ParamSearch,2020-08-15,08/15/20-13:57:59,,,v1
YYG-ParamSearch,2020-08-16,08/16/20-23:23:16,,,v1
YYG-ParamSearch,2020-08-17,08/17/20-17:52:03,,,v1
YYG-ParamSearch,2020-08-18,08/19/20-17:14:52,,,v1
YYG-ParamSearch,2020-08-19,08/19/20-17:14:52,,,v1
YYG-ParamSearch,2020-08-20,08/20/20-20:30:16,,,v1
YYG-ParamSearch,2020-08-21,08/21/20-13:13:56,,,v1
YYG-ParamSearch,2020-08-22,08/23/20-11:47:49,,,v1
YYG-ParamSearch,2020-08-23,08/23/20-11:47:49,,,v1
YYG-ParamSearch,2020-08-24,08/24/20-18:21:14,,,v1
YYG-ParamSearch,2020-08-25,08/25/20-13:17:32,,,v1
YYG-ParamSearch,2020-08-26,08/27/20-09:07:29,,,v1
YYG-ParamSearch,2020-08-27,08/28/20-02:31:14,,,v1
YYG-ParamSearch,2020-08-28,08/30/20-17:44:28,,,v1
YYG-ParamSearch,2020-08-29,08/30/20-17:44:28,,,v1
YYG-ParamSearch,2020-08-30,08/30/20-17:44:28,,,v1
YYG-ParamSearch,2020-08-31,08/31/20-21:07:20,,,v1
YYG-ParamSearch,2020-09-01,09/02/20-17:18:45,,,v1
YYG-ParamSearch,2020-09-02,09/02/20-17:18:45,,,v1
YYG-ParamSearch,2020-09-03,09/03/20-15:28:56,,,v1
YYG-ParamSearch,2020-09-04,09/04/20-18:19:04,,,v1
YYG-ParamSearch,2020-09-05,09/05/20-18:35:42,,,v1
YYG-ParamSearch,2020-09-06,09/06/20-04:21:37,,,v1
YYG-ParamSearch,2020-09-07,09/07/20-04:23:51,,,v1
YYG-ParamSearch,2020-09-08,09/10/20-11:18:02,,,v1
YYG-ParamSearch,2020-09-09,09/10/20-11:18:02,,,v1
YYG-ParamSearch,2020-09-10,09/11/20-10:31:14,,,v1
YYG-ParamSearch,2020-09-11,09/13/20-12:38:18,,,v1
YYG-ParamSearch,2020-09-12,09/13/20-12:38:18,,,v1
YYG-ParamSearch,2020-09-13,09/14/20-00:14:30,,,v1
YYG-ParamSearch,2020-09-14,09/14/20-18:06:55,,,v1
YYG-ParamSearch,2020-09-15,09/16/20-03:06:01,,,v1
YYG-ParamSearch,2020-09-16,09/16/20-21:45:01,,,v1
YYG-ParamSearch,2020-09-17,09/17/20-05:22:56,,,v1
YYG-ParamSearch,2020-09-18,09/18/20-03:07:57,,,v1
YYG-ParamSearch,2020-09-19,09/20/20-20:05:26,,,v1
YYG-ParamSearch,2020-09-20,09/20/20-20:05:26,,,v1
YYG-ParamSearch,2020-09-21,09/21/20-18:01:49,,,v1
YYG-ParamSearch,2020-09-22,09/23/20-02:35:36,,,v1
YYG-ParamSearch,2020-09-23,09/23/20-04:30:42,,,v1
YYG-ParamSearch,2020-09-24,09/24/20-11:24:49,,,v1
YYG-ParamSearch,2020-09-25,09/28/20-17:18:24,,,v1
YYG-ParamSearch,2020-09-26,09/28/20-17:18:24,,,v1
YYG-ParamSearch,2020-09-27,09/28/20-17:18:24,,,v1
YYG-ParamSearch,2020-09-28,09/28/20-18:54:18,,,v1
YYG-ParamSearch,2020-09-29,09/30/20-10:07:44,,,v1
YYG-ParamSearch,2020-09-30,09/30/20-10:07:44,,,v1
YYG-ParamSearch,2020-10-01,10/01/20-09:53:43,10/03/20-20:53:33,,v2
YYG-ParamSearch,2020-10-02,10/03/20-20:53:55,,,v1
YYG-ParamSearch,2020-10-03,10/03/20-20:53:55,,,v1
YYG-ParamSearch,2020-10-04,10/06/20-04:42:20,,,v1
YYG-ParamSearch,2020-10-05,10/06/20-04:40:49,,,v1
COVIDhub-ensemble,2020-05-04,05/05/20-03:55:01,05/05/20-10:54:35,05/05/20-11:36:00,v3
COVIDhub-ensemble,2020-05-11,05/12/20-10:38:48,,,v1
COVIDhub-ensemble,2020-05-18,05/19/20-11:57:38,,,v1
COVIDhub-ensemble,2020-05-25,05/26/20-12:09:30,05/26/20-15:30:54,,v2
COVIDhub-ensemble,2020-06-01,06/02/20-12:05:01,,,v1
COVIDhub-ensemble,2020-06-08,06/09/20-11:45:39,,,v1
COVIDhub-ensemble,2020-06-15,06/16/20-11:53:14,,,v1
COVIDhub-ensemble,2020-06-22,06/23/20-11:51:02,,,v1
COVIDhub-ensemble,2020-06-29,06/30/20-12:52:21,,,v1
COVIDhub-ensemble,2020-07-06,07/07/20-13:20:11,07/07/20-14:27:11,,v2
COVIDhub-ensemble,2020-07-13,07/14/20-13:03:46,,,v1
COVIDhub-ensemble,2020-07-20,07/21/20-15:57:31,,,v1
COVIDhub-ensemble,2020-07-27,07/28/20-14:39:10,,,v1
COVIDhub-ensemble,2020-08-03,08/04/20-12:39:06,,,v1
COVIDhub-ensemble,2020-08-10,08/11/20-13:05:25,,,v1
COVIDhub-ensemble,2020-08-17,08/18/20-11:04:20,,,v1
COVIDhub-ensemble,2020-08-24,08/25/20-09:52:13,,,v1
COVIDhub-ensemble,2020-08-31,09/01/20-09:56:38,,,v1
COVIDhub-ensemble,2020-09-07,09/08/20-10:11:27,,,v1
COVIDhub-ensemble,2020-09-14,09/15/20-09:47:29,,,v1
COVIDhub-ensemble,2020-09-21,09/22/20-09:37:42,,,v1
COVIDhub-ensemble,2020-09-28,09/29/20-10:43:18,,,v1
COVIDhub-ensemble,2020-10-05,10/06/20-08:57:52,,,v1
COVIDhub-ensemble,2020-10-12,10/13/20-09:11:16,,,v1
COVIDhub-ensemble,2020-10-19,10/20/20-08:36:43,,,v1
COVIDhub-ensemble,2020-10-26,10/27/20-08:53:29,,,v1
COVIDhub-ensemble,2020-11-02,11/03/20-08:04:36,,,v1
COVIDhub-ensemble,2020-11-09,11/10/20-07:07:11,,,v1
CU-scenario_low,2020-05-07,06/18/20-14:15:00,,,v1
CU-scenario_low,2020-05-10,06/18/20-14:15:00,,,v1
CU-scenario_low,2020-05-14,06/18/20-14:15:00,,,v1
CU-scenario_low,2020-05-17,06/18/20-14:15:00,,,v1
CU-scenario_low,2020-05-21,06/18/20-14:15:00,,,v1
CU-scenario_low,2020-05-24,06/18/20-14:15:00,,,v1
CU-scenario_low,2020-05-28,06/18/20-14:15:00,,,v1
CU-scenario_low,2020-05-31,06/18/20-14:15:00,,,v1
CU-scenario_low,2020-06-04,06/18/20-16:26:13,,,v1
CU-scenario_low,2020-06-07,06/18/20-16:26:13,,,v1
CU-scenario_low,2020-06-11,06/18/20-16:26:13,,,v1
CU-scenario_low,2020-06-14,06/18/20-14:15:00,,,v1
CU-scenario_low,2020-06-18,06/19/20-12:19:47,,,v1
CU-scenario_low,2020-06-21,06/22/20-21:17:02,06/26/20-13:41:25,,v2
CU-scenario_low,2020-06-25,06/26/20-13:41:25,,,v1
CU-scenario_low,2020-06-28,06/29/20-18:09:29,,,v1
CU-scenario_low,2020-07-02,07/03/20-17:44:35,,,v1
CU-scenario_low,2020-07-05,07/07/20-08:32:14,,,v1
CU-scenario_low,2020-07-12,07/13/20-16:08:25,,,v1
CU-scenario_low,2020-07-19,07/20/20-20:38:23,,,v1
CU-scenario_low,2020-07-26,07/27/20-18:21:36,,,v1
CU-scenario_low,2020-08-02,08/03/20-16:20:08,,,v1
CU-scenario_low,2020-08-06,08/08/20-09:56:08,,,v1
CU-scenario_low,2020-08-09,08/10/20-15:09:29,,,v1
CU-scenario_low,2020-08-13,08/17/20-14:44:10,,,v1
CU-scenario_low,2020-08-16,08/17/20-14:44:10,,,v1
CU-scenario_low,2020-08-20,08/24/20-14:20:07,,,v1
CU-scenario_low,2020-08-23,08/24/20-14:20:07,,,v1
CU-scenario_low,2020-08-30,08/31/20-17:24:21,,,v1
CU-scenario_low,2020-09-03,09/07/20-19:38:55,,,v1
CU-scenario_low,2020-09-06,09/07/20-19:38:55,,,v1
CU-scenario_low,2020-09-13,09/14/20-17:50:53,,,v1
CU-scenario_low,2020-09-20,09/21/20-18:03:11,,,v1
CU-scenario_low,2020-09-24,09/28/20-17:31:55,,,v1
CU-scenario_low,2020-09-27,09/28/20-17:31:55,,,v1
CU-scenario_low,2020-10-04,10/06/20-04:47:04,,,v1
CU-scenario_low,2020-10-08,10/09/20-10:18:28,,,v1
CU-scenario_low,2020-10-11,10/12/20-17:11:50,,,v1
CU-scenario_low,2020-10-15,10/16/20-00:33:35,,,v1
CU-scenario_low,2020-10-18,10/19/20-12:39:54,,,v1
CU-scenario_low,2020-10-22,10/23/20-01:28:55,,,v1
CU-scenario_low,2020-10-25,10/26/20-12:30:58,,,v1
CU-scenario_low,2020-10-29,11/02/20-23:53:43,,,v1
CU-scenario_low,2020-11-01,11/02/20-23:53:43,,,v1
CU-scenario_low,2020-11-05,11/09/20-20:49:06,,,v1
CU-scenario_low,2020-11-08,11/09/20-20:49:06,,,v1
RPI_UW-Mob_Collision,2020-08-03,08/21/20-10:21:40,,,v1
RPI_UW-Mob_Collision,2020-08-10,08/21/20-10:21:40,,,v1
RPI_UW-Mob_Collision,2020-08-16,08/21/20-10:21:40,,,v1
RPI_UW-Mob_Collision,2020-08-23,08/25/20-04:03:42,,,v1
RPI_UW-Mob_Collision,2020-08-30,08/31/20-15:16:57,,,v1
RPI_UW-Mob_Collision,2020-09-06,09/08/20-01:52:50,,,v1
RPI_UW-Mob_Collision,2020-09-13,09/15/20-00:15:42,,,v1
RPI_UW-Mob_Collision,2020-09-20,09/20/20-21:52:52,,,v1
RPI_UW-Mob_Collision,2020-09-27,09/29/20-01:10:27,,,v1
RPI_UW-Mob_Collision,2020-10-04,10/04/20-21:58:44,,,v1
RPI_UW-Mob_Collision,2020-10-11,10/12/20-18:11:16,,,v1
RPI_UW-Mob_Collision,2020-10-18,10/19/20-23:14:13,,,v1
RPI_UW-Mob_Collision,2020-10-25,10/27/20-02:16:01,,,v1
RPI_UW-Mob_Collision,2020-11-01,11/02/20-00:35:55,,,v1
RPI_UW-Mob_Collision,2020-11-08,11/09/20-00:22:14,,,v1
USACE-ERDC_SEIR,2020-05-14,05/19/20-22:29:00,05/25/20-17:01:58,,v2
USACE-ERDC_SEIR,2020-05-18,05/20/20-19:57:32,,,v1
USACE-ERDC_SEIR,2020-05-24,05/25/20-17:01:58,,,v1
USACE-ERDC_SEIR,2020-05-25,05/25/20-17:01:58,,,v1
USACE-ERDC_SEIR,2020-05-28,05/29/20-17:17:22,,,v1
USACE-ERDC_SEIR,2020-06-01,06/01/20-17:53:20,06/04/20-15:13:25,,v2
USACE-ERDC_SEIR,2020-06-08,06/08/20-17:50:59,,,v1
USACE-ERDC_SEIR,2020-06-15,06/15/20-17:37:25,,,v1
USACE-ERDC_SEIR,2020-06-22,06/29/20-21:52:10,,,v1
USACE-ERDC_SEIR,2020-06-29,06/29/20-21:52:10,,,v1
USACE-ERDC_SEIR,2020-07-01,07/02/20-03:28:58,,,v1
USACE-ERDC_SEIR,2020-07-06,07/06/20-21:12:01,,,v1
USACE-ERDC_SEIR,2020-07-13,07/13/20-19:52:16,,,v1
USACE-ERDC_SEIR,2020-07-20,07/20/20-20:36:59,07/27/20-18:45:54,,v2
USACE-ERDC_SEIR,2020-07-21,07/27/20-18:45:54,,,v1
USACE-ERDC_SEIR,2020-07-22,07/27/20-18:45:54,,,v1
USACE-ERDC_SEIR,2020-07-23,07/27/20-18:45:54,,,v1
USACE-ERDC_SEIR,2020-07-24,07/27/20-18:45:54,,,v1
USACE-ERDC_SEIR,2020-07-27,07/27/20-18:45:54,07/28/20-12:18:41,,v2
USACE-ERDC_SEIR,2020-07-28,08/03/20-19:42:41,,,v1
USACE-ERDC_SEIR,2020-07-29,08/03/20-19:42:41,,,v1
USACE-ERDC_SEIR,2020-07-30,08/03/20-19:42:41,,,v1
USACE-ERDC_SEIR,2020-07-31,08/03/20-19:42:41,,,v1
USACE-ERDC_SEIR,2020-08-01,08/03/20-19:42:41,,,v1
USACE-ERDC_SEIR,2020-08-02,08/03/20-19:42:41,,,v1
USACE-ERDC_SEIR,2020-08-03,08/03/20-19:42:41,,,v1
USACE-ERDC_SEIR,2020-08-10,08/10/20-18:34:54,,,v1
USACE-ERDC_SEIR,2020-08-17,08/17/20-17:54:37,,,v1
USACE-ERDC_SEIR,2020-08-24,08/24/20-18:19:35,,,v1
USACE-ERDC_SEIR,2020-08-31,08/31/20-17:25:42,,,v1
USACE-ERDC_SEIR,2020-09-07,09/07/20-20:07:03,,,v1
USACE-ERDC_SEIR,2020-09-14,09/14/20-18:13:12,,,v1
USACE-ERDC_SEIR,2020-09-21,09/21/20-15:29:24,,,v1
USACE-ERDC_SEIR,2020-09-28,09/29/20-01:11:12,,,v1
USACE-ERDC_SEIR,2020-10-12,10/12/20-18:20:11,,,v1
USACE-ERDC_SEIR,2020-10-26,10/26/20-12:30:21,,,v1
RobertWalraven-ESG,2020-07-06,07/07/20-08:33:50,08/04/20-21:41:00,,v2
RobertWalraven-ESG,2020-07-07,07/08/20-07:48:59,08/04/20-21:41:00,,v2
RobertWalraven-ESG,2020-07-12,07/13/20-15:51:33,08/04/20-21:41:00,,v2
RobertWalraven-ESG,2020-07-20,07/20/20-22:43:17,08/04/20-21:41:00,,v2
RobertWalraven-ESG,2020-07-26,07/28/20-08:36:32,08/04/20-21:41:00,,v2
RobertWalraven-ESG,2020-07-27,07/28/20-08:36:32,08/04/20-21:41:00,,v2
RobertWalraven-ESG,2020-08-01,08/03/20-02:37:02,08/04/20-21:41:00,,v2
RobertWalraven-ESG,2020-08-03,08/03/20-04:38:50,08/03/20-17:20:33,08/04/20-21:41:00,v3
RobertWalraven-ESG,2020-08-10,08/10/20-14:15:46,08/10/20-18:38:31,,v2
RobertWalraven-ESG,2020-08-16,08/17/20-00:20:14,,,v1
RobertWalraven-ESG,2020-08-17,08/17/20-17:55:00,,,v1
RobertWalraven-ESG,2020-08-23,08/23/20-20:36:21,,,v1
RobertWalraven-ESG,2020-08-24,08/24/20-13:29:42,,,v1
RobertWalraven-ESG,2020-08-30,08/30/20-23:33:00,,,v1
RobertWalraven-ESG,2020-09-06,09/06/20-12:57:22,,,v1
RobertWalraven-ESG,2020-09-07,09/07/20-17:30:28,,,v1
RobertWalraven-ESG,2020-09-21,09/21/20-14:23:18,,,v1
RobertWalraven-ESG,2020-09-28,09/28/20-17:15:49,,,v1
RobertWalraven-ESG,2020-10-05,10/06/20-04:47:29,,,v1
RobertWalraven-ESG,2020-10-12,10/12/20-18:29:29,,,v1
RobertWalraven-ESG,2020-10-19,10/19/20-23:09:27,,,v1
RobertWalraven-ESG,2020-10-26,10/26/20-17:27:52,,,v1
RobertWalraven-ESG,2020-11-02,11/02/20-14:10:45,,,v1
RobertWalraven-ESG,2020-11-09,11/09/20-21:12:50,,,v1