model,timezero,v1_github_timestamp,v2_github_timestamp,v3_github_timestamp,in_zoltar,v2_diff_hrs,v3_diff_hrs
Auquan-SEIR,2020-05-18,2020-05-18T21:29:33Z,NA,NA,v1,NA,NA
Auquan-SEIR,2020-05-24,2020-05-25T21:00:46Z,NA,NA,v1,NA,NA
Auquan-SEIR,2020-05-31,2020-06-01T13:27:46Z,NA,NA,v1,NA,NA
Auquan-SEIR,2020-06-07,2020-06-08T16:13:18Z,NA,NA,v1,NA,NA
Auquan-SEIR,2020-06-15,2020-06-15T20:38:31Z,NA,NA,v1,NA,NA
Auquan-SEIR,2020-06-21,2020-06-22T17:09:00Z,NA,NA,v1,NA,NA
Auquan-SEIR,2020-06-28,2020-06-29T18:36:39Z,2020-07-01T15:02:03Z,NA,v2,44.4233333333333,NA
Auquan-SEIR,2020-07-05,2020-07-07T00:50:24Z,NA,NA,v1,NA,NA
Auquan-SEIR,2020-08-02,2020-08-03T13:10:10Z,NA,NA,v1,NA,NA
Auquan-SEIR,2020-08-09,2020-08-10T12:21:03Z,NA,NA,v1,NA,NA
Auquan-SEIR,2020-08-16,2020-08-17T11:48:48Z,NA,NA,v1,NA,NA
Auquan-SEIR,2020-08-24,2020-08-24T20:20:37Z,NA,NA,v1,NA,NA
BPagano-RtDriven,2020-10-04,2020-10-07T05:17:32Z,NA,NA,v1,NA,NA
BPagano-RtDriven,2020-10-11,2020-10-12T11:14:30Z,2020-10-15T01:24:09Z,NA,v2,62.1608333333333,NA
BPagano-RtDriven,2020-10-18,2020-10-20T04:32:26Z,NA,NA,v1,NA,NA
BPagano-RtDriven,2020-10-25,2020-10-26T22:33:25Z,NA,NA,v1,NA,NA
BPagano-RtDriven,2020-11-01,2020-11-02T23:20:18Z,NA,NA,v1,NA,NA
BPagano-RtDriven,2020-11-08,2020-11-09T16:35:21Z,NA,NA,v1,NA,NA
Caltech-CS156,2020-11-01,2020-11-02T22:22:45Z,NA,NA,v1,NA,NA
Caltech-CS156,2020-11-08,2020-11-09T19:10:15Z,NA,NA,v1,NA,NA
CDDEP-SEIR_MCMC,2020-07-05,2020-07-15T20:58:03Z,NA,NA,v1,NA,NA
CDDEP-SEIR_MCMC,2020-07-12,2020-07-15T20:58:03Z,NA,NA,v1,NA,NA
CDDEP-SEIR_MCMC,2020-07-19,2020-07-20T20:47:13Z,NA,NA,v1,NA,NA
CDDEP-SEIR_MCMC,2020-07-26,2020-07-27T22:43:20Z,NA,NA,v1,NA,NA
CDDEP-SEIR_MCMC,2020-08-02,2020-08-03T18:49:18Z,NA,NA,v1,NA,NA
CDDEP-SEIR_MCMC,2020-08-09,2020-08-10T22:32:31Z,NA,NA,v1,NA,NA
CDDEP-SEIR_MCMC,2020-08-16,2020-08-18T01:44:38Z,NA,NA,v1,NA,NA
CEID-Walk,2020-08-09,2020-08-10T19:47:43Z,NA,NA,v1,NA,NA
CEID-Walk,2020-08-16,2020-08-17T00:36:17Z,NA,NA,v1,NA,NA
CEID-Walk,2020-08-23,2020-08-23T15:46:51Z,NA,NA,v1,NA,NA
CEID-Walk,2020-08-30,2020-08-30T21:47:07Z,NA,NA,v1,NA,NA
CEID-Walk,2020-09-06,2020-09-07T21:48:40Z,NA,NA,v1,NA,NA
CEID-Walk,2020-09-13,2020-09-14T04:14:07Z,NA,NA,v1,NA,NA
CEID-Walk,2020-09-20,2020-09-21T00:06:41Z,NA,NA,v1,NA,NA
CEID-Walk,2020-09-27,2020-09-28T15:57:47Z,NA,NA,v1,NA,NA
CEID-Walk,2020-10-04,2020-10-05T01:56:14Z,NA,NA,v1,NA,NA
CEID-Walk,2020-10-11,2020-10-12T11:12:54Z,NA,NA,v1,NA,NA
CEID-Walk,2020-10-18,2020-10-18T21:30:25Z,NA,NA,v1,NA,NA
CEID-Walk,2020-10-25,2020-10-26T13:48:07Z,NA,NA,v1,NA,NA
CEID-Walk,2020-11-01,2020-11-02T14:36:33Z,NA,NA,v1,NA,NA
CEID-Walk,2020-11-09,2020-11-09T19:09:03Z,NA,NA,v1,NA,NA
CMU-TimeSeries,2020-07-20,2020-07-20T19:52:28Z,NA,NA,v1,NA,NA
CMU-TimeSeries,2020-07-27,2020-07-27T22:19:01Z,NA,NA,v1,NA,NA
CMU-TimeSeries,2020-08-02,2020-08-03T20:36:23Z,NA,NA,v1,NA,NA
CMU-TimeSeries,2020-08-10,2020-08-10T22:34:02Z,NA,NA,v1,NA,NA
CMU-TimeSeries,2020-08-17,2020-08-17T21:51:11Z,NA,NA,v1,NA,NA
CMU-TimeSeries,2020-08-24,2020-08-24T22:17:52Z,NA,NA,v1,NA,NA
CMU-TimeSeries,2020-08-31,2020-08-31T21:47:53Z,NA,NA,v1,NA,NA
CMU-TimeSeries,2020-09-07,2020-09-07T20:05:55Z,NA,NA,v1,NA,NA
CMU-TimeSeries,2020-09-14,2020-09-14T22:06:20Z,NA,NA,v1,NA,NA
CMU-TimeSeries,2020-09-21,2020-09-21T21:58:00Z,NA,NA,v1,NA,NA
CMU-TimeSeries,2020-09-28,2020-09-29T00:46:25Z,NA,NA,v1,NA,NA
CMU-TimeSeries,2020-10-05,2020-10-06T08:40:14Z,NA,NA,v1,NA,NA
CMU-TimeSeries,2020-10-12,2020-10-12T22:26:22Z,NA,NA,v1,NA,NA
CMU-TimeSeries,2020-10-19,2020-10-20T03:16:40Z,NA,NA,v1,NA,NA
CMU-TimeSeries,2020-10-26,2020-10-26T22:33:47Z,NA,NA,v1,NA,NA
CMU-TimeSeries,2020-11-02,2020-11-03T01:58:38Z,NA,NA,v1,NA,NA
CMU-TimeSeries,2020-11-09,2020-11-09T22:43:29Z,NA,NA,v1,NA,NA
Columbia_UNC-SurvCon,2020-07-05,2020-07-07T00:53:32Z,NA,NA,v1,NA,NA
Columbia_UNC-SurvCon,2020-07-12,2020-07-14T01:11:30Z,NA,NA,v1,NA,NA
Columbia_UNC-SurvCon,2020-07-19,2020-07-20T17:57:46Z,NA,NA,v1,NA,NA
Columbia_UNC-SurvCon,2020-07-26,2020-07-27T22:33:58Z,NA,NA,v1,NA,NA
Columbia_UNC-SurvCon,2020-08-02,2020-08-03T15:31:41Z,NA,NA,v1,NA,NA
Columbia_UNC-SurvCon,2020-08-09,2020-08-09T20:29:02Z,NA,NA,v1,NA,NA
Columbia_UNC-SurvCon,2020-08-16,2020-08-17T03:23:42Z,NA,NA,v1,NA,NA
Columbia_UNC-SurvCon,2020-08-23,2020-08-23T15:46:21Z,NA,NA,v1,NA,NA
Columbia_UNC-SurvCon,2020-08-30,2020-08-30T21:47:27Z,NA,NA,v1,NA,NA
Columbia_UNC-SurvCon,2020-09-06,2020-09-07T18:23:19Z,NA,NA,v1,NA,NA
Columbia_UNC-SurvCon,2020-09-13,2020-09-14T21:43:22Z,NA,NA,v1,NA,NA
Columbia_UNC-SurvCon,2020-09-20,2020-09-21T01:51:58Z,NA,NA,v1,NA,NA
Columbia_UNC-SurvCon,2020-09-27,2020-09-28T05:28:56Z,NA,NA,v1,NA,NA
Columbia_UNC-SurvCon,2020-10-04,2020-10-05T01:55:54Z,NA,NA,v1,NA,NA
Columbia_UNC-SurvCon,2020-10-11,2020-10-12T11:15:32Z,NA,NA,v1,NA,NA
Columbia_UNC-SurvCon,2020-10-18,2020-10-19T02:35:22Z,NA,NA,v1,NA,NA
Columbia_UNC-SurvCon,2020-10-25,2020-10-26T06:33:17Z,NA,NA,v1,NA,NA
Columbia_UNC-SurvCon,2020-11-01,2020-11-02T19:10:19Z,NA,NA,v1,NA,NA
Columbia_UNC-SurvCon,2020-11-08,2020-11-08T22:38:39Z,NA,NA,v1,NA,NA
Covid19Sim-Simulator,2020-05-24,2020-06-10T16:46:22Z,NA,NA,v1,NA,NA
Covid19Sim-Simulator,2020-05-31,2020-06-10T16:46:22Z,NA,NA,v1,NA,NA
Covid19Sim-Simulator,2020-06-07,2020-06-10T16:46:22Z,NA,NA,v1,NA,NA
Covid19Sim-Simulator,2020-06-14,2020-06-16T11:18:49Z,NA,NA,v1,NA,NA
Covid19Sim-Simulator,2020-06-21,2020-06-23T12:28:09Z,2020-06-25T02:34:33Z,NA,v2,38.1066666666667,NA
Covid19Sim-Simulator,2020-06-28,2020-06-30T03:02:13Z,NA,NA,v1,NA,NA
Covid19Sim-Simulator,2020-07-05,2020-07-07T21:23:04Z,NA,NA,v1,NA,NA
Covid19Sim-Simulator,2020-07-12,2020-07-14T02:45:29Z,NA,NA,v1,NA,NA
Covid19Sim-Simulator,2020-07-19,2020-07-21T12:36:51Z,NA,NA,v1,NA,NA
Covid19Sim-Simulator,2020-07-26,2020-07-28T03:57:37Z,NA,NA,v1,NA,NA
Covid19Sim-Simulator,2020-08-02,2020-08-04T07:32:19Z,NA,NA,v1,NA,NA
Covid19Sim-Simulator,2020-08-16,2020-08-18T03:08:10Z,NA,NA,v1,NA,NA
Covid19Sim-Simulator,2020-08-23,2020-08-25T02:56:12Z,NA,NA,v1,NA,NA
Covid19Sim-Simulator,2020-08-30,2020-09-01T01:09:29Z,NA,NA,v1,NA,NA
Covid19Sim-Simulator,2020-09-06,2020-09-10T16:33:49Z,NA,NA,v1,NA,NA
Covid19Sim-Simulator,2020-09-13,2020-09-17T07:03:36Z,NA,NA,v1,NA,NA
Covid19Sim-Simulator,2020-09-20,2020-09-21T15:04:54Z,NA,NA,v1,NA,NA
Covid19Sim-Simulator,2020-09-27,2020-09-28T14:39:44Z,NA,NA,v1,NA,NA
Covid19Sim-Simulator,2020-10-04,2020-10-05T15:22:44Z,NA,NA,v1,NA,NA
Covid19Sim-Simulator,2020-10-11,2020-10-12T21:14:24Z,NA,NA,v1,NA,NA
Covid19Sim-Simulator,2020-10-18,2020-10-19T17:01:09Z,NA,NA,v1,NA,NA
Covid19Sim-Simulator,2020-10-25,2020-10-26T21:22:06Z,NA,NA,v1,NA,NA
Covid19Sim-Simulator,2020-11-01,2020-11-02T19:12:01Z,NA,NA,v1,NA,NA
Covid19Sim-Simulator,2020-11-08,2020-11-09T19:57:49Z,NA,NA,v1,NA,NA
CovidActNow-SEIR_CAN,2020-05-09,2020-05-11T18:38:33Z,NA,NA,v1,NA,NA
CovidActNow-SEIR_CAN,2020-05-31,2020-06-01T15:43:14Z,2020-06-01T21:54:11Z,NA,v2,6.1825,NA
CovidActNow-SEIR_CAN,2020-06-07,2020-06-08T22:01:55Z,NA,NA,v1,NA,NA
CovidActNow-SEIR_CAN,2020-06-14,2020-06-15T19:37:41Z,NA,NA,v1,NA,NA
CovidActNow-SEIR_CAN,2020-06-21,2020-06-23T01:17:44Z,NA,NA,v1,NA,NA
CovidActNow-SEIR_CAN,2020-07-05,2020-07-07T21:21:51Z,NA,NA,v1,NA,NA
CovidAnalytics-DELPHI,2020-05-04,2020-07-15T20:58:03Z,NA,NA,v1,NA,NA
CovidAnalytics-DELPHI,2020-05-10,2020-07-15T20:58:03Z,NA,NA,v1,NA,NA
CovidAnalytics-DELPHI,2020-05-18,2020-07-15T20:58:03Z,NA,NA,v1,NA,NA
CovidAnalytics-DELPHI,2020-05-25,2020-07-15T20:58:03Z,NA,NA,v1,NA,NA
CovidAnalytics-DELPHI,2020-06-01,2020-07-15T20:58:03Z,NA,NA,v1,NA,NA
CovidAnalytics-DELPHI,2020-06-08,2020-07-15T20:58:03Z,NA,NA,v1,NA,NA
CovidAnalytics-DELPHI,2020-06-15,2020-07-15T20:58:03Z,NA,NA,v1,NA,NA
CovidAnalytics-DELPHI,2020-06-22,2020-07-15T20:58:03Z,NA,NA,v1,NA,NA
CovidAnalytics-DELPHI,2020-06-29,2020-07-15T20:58:03Z,NA,NA,v1,NA,NA
CovidAnalytics-DELPHI,2020-07-06,2020-07-15T20:58:03Z,NA,NA,v1,NA,NA
CovidAnalytics-DELPHI,2020-07-13,2020-07-15T20:58:03Z,NA,NA,v1,NA,NA
CovidAnalytics-DELPHI,2020-07-20,2020-07-20T20:53:09Z,NA,NA,v1,NA,NA
CovidAnalytics-DELPHI,2020-07-27,2020-07-27T22:20:58Z,NA,NA,v1,NA,NA
CovidAnalytics-DELPHI,2020-08-03,2020-08-03T18:52:22Z,NA,NA,v1,NA,NA
CovidAnalytics-DELPHI,2020-08-10,2020-08-10T22:34:28Z,NA,NA,v1,NA,NA
CovidAnalytics-DELPHI,2020-08-17,2020-08-17T21:52:31Z,NA,NA,v1,NA,NA
CovidAnalytics-DELPHI,2020-08-24,2020-08-24T22:17:21Z,NA,NA,v1,NA,NA
CovidAnalytics-DELPHI,2020-08-31,2020-08-31T21:20:51Z,NA,NA,v1,NA,NA
CovidAnalytics-DELPHI,2020-09-07,2020-09-07T21:27:35Z,NA,NA,v1,NA,NA
CovidAnalytics-DELPHI,2020-09-14,2020-09-14T22:01:22Z,NA,NA,v1,NA,NA
CovidAnalytics-DELPHI,2020-09-21,2020-09-21T22:02:25Z,NA,NA,v1,NA,NA
CovidAnalytics-DELPHI,2020-09-28,2020-09-28T21:19:04Z,NA,NA,v1,NA,NA
CovidAnalytics-DELPHI,2020-10-05,2020-10-06T08:38:14Z,NA,NA,v1,NA,NA
CovidAnalytics-DELPHI,2020-10-12,2020-10-13T00:58:34Z,NA,NA,v1,NA,NA
CovidAnalytics-DELPHI,2020-10-19,2020-10-20T00:08:33Z,NA,NA,v1,NA,NA
CovidAnalytics-DELPHI,2020-10-26,2020-10-26T22:32:46Z,2020-10-27T03:24:32Z,NA,v2,4.86277777777778,NA
CovidAnalytics-DELPHI,2020-11-02,2020-11-02T23:11:09Z,NA,NA,v1,NA,NA
CovidAnalytics-DELPHI,2020-11-09,2020-11-09T23:23:28Z,NA,NA,v1,NA,NA
COVIDhub-baseline,2020-05-04,2020-07-07T01:48:04Z,NA,NA,v1,NA,NA
COVIDhub-baseline,2020-05-11,2020-07-07T01:48:04Z,NA,NA,v1,NA,NA
COVIDhub-baseline,2020-05-18,2020-07-07T01:48:04Z,NA,NA,v1,NA,NA
COVIDhub-baseline,2020-05-25,2020-07-07T01:48:04Z,NA,NA,v1,NA,NA
COVIDhub-baseline,2020-06-01,2020-07-07T01:48:04Z,NA,NA,v1,NA,NA
COVIDhub-baseline,2020-06-08,2020-07-07T01:48:04Z,NA,NA,v1,NA,NA
COVIDhub-baseline,2020-06-15,2020-07-07T01:48:04Z,NA,NA,v1,NA,NA
COVIDhub-baseline,2020-06-22,2020-07-07T01:48:04Z,NA,NA,v1,NA,NA
COVIDhub-baseline,2020-06-29,2020-07-07T01:48:04Z,NA,NA,v1,NA,NA
COVIDhub-baseline,2020-07-06,2020-07-07T01:48:04Z,NA,NA,v1,NA,NA
COVIDhub-baseline,2020-07-13,2020-07-13T21:29:05Z,NA,NA,v1,NA,NA
COVIDhub-baseline,2020-07-20,2020-07-20T21:19:37Z,NA,NA,v1,NA,NA
COVIDhub-baseline,2020-07-27,2020-07-29T15:28:00Z,NA,NA,v1,NA,NA
COVIDhub-baseline,2020-08-03,2020-08-03T17:22:08Z,NA,NA,v1,NA,NA
COVIDhub-baseline,2020-08-10,2020-08-10T22:35:26Z,NA,NA,v1,NA,NA
COVIDhub-baseline,2020-08-17,2020-08-18T14:20:31Z,NA,NA,v1,NA,NA
COVIDhub-baseline,2020-08-24,2020-08-26T21:31:20Z,NA,NA,v1,NA,NA
COVIDhub-baseline,2020-08-31,2020-08-31T19:15:36Z,NA,NA,v1,NA,NA
COVIDhub-baseline,2020-09-07,2020-09-07T20:05:23Z,NA,NA,v1,NA,NA
COVIDhub-baseline,2020-09-14,2020-09-14T23:18:04Z,NA,NA,v1,NA,NA
COVIDhub-baseline,2020-09-21,2020-09-21T18:22:44Z,NA,NA,v1,NA,NA
COVIDhub-baseline,2020-09-28,2020-09-28T21:10:30Z,NA,NA,v1,NA,NA
COVIDhub-baseline,2020-10-05,2020-10-06T08:36:21Z,NA,NA,v1,NA,NA
COVIDhub-baseline,2020-10-12,2020-10-12T21:10:10Z,NA,NA,v1,NA,NA
COVIDhub-baseline,2020-10-19,2020-10-19T16:37:59Z,NA,NA,v1,NA,NA
COVIDhub-baseline,2020-10-26,2020-10-26T21:27:26Z,NA,NA,v1,NA,NA
COVIDhub-baseline,2020-11-02,2020-11-02T19:09:18Z,NA,NA,v1,NA,NA
COVIDhub-baseline,2020-11-09,2020-11-09T22:57:45Z,NA,NA,v1,NA,NA
CU-nochange,2020-05-31,2020-06-01T20:14:16Z,NA,NA,v1,NA,NA
CU-nochange,2020-06-04,2020-06-08T16:18:54Z,NA,NA,v1,NA,NA
CU-nochange,2020-06-07,2020-06-08T22:35:45Z,NA,NA,v1,NA,NA
CU-nochange,2020-06-11,2020-06-12T05:31:56Z,NA,NA,v1,NA,NA
CU-nochange,2020-06-14,2020-06-15T18:57:19Z,NA,NA,v1,NA,NA
CU-nochange,2020-06-18,2020-06-19T16:19:47Z,NA,NA,v1,NA,NA
CU-nochange,2020-06-21,2020-06-23T01:17:02Z,2020-06-26T17:41:25Z,NA,v2,88.4063888888889,NA
CU-nochange,2020-06-25,2020-06-26T17:41:25Z,NA,NA,v1,NA,NA
CU-nochange,2020-06-28,2020-06-29T22:09:29Z,NA,NA,v1,NA,NA
CU-nochange,2020-07-02,2020-07-03T21:44:35Z,NA,NA,v1,NA,NA
CU-nochange,2020-07-05,2020-07-07T12:32:14Z,NA,NA,v1,NA,NA
CU-nochange,2020-07-12,2020-07-13T20:08:25Z,NA,NA,v1,NA,NA
CU-nochange,2020-07-19,2020-07-21T00:38:23Z,NA,NA,v1,NA,NA
CU-nochange,2020-07-26,2020-07-27T22:21:36Z,NA,NA,v1,NA,NA
CU-nochange,2020-08-02,2020-08-03T20:20:08Z,NA,NA,v1,NA,NA
CU-nochange,2020-08-06,2020-08-08T13:56:08Z,NA,NA,v1,NA,NA
CU-nochange,2020-08-09,2020-08-10T19:09:29Z,NA,NA,v1,NA,NA
CU-nochange,2020-08-13,2020-08-17T18:44:10Z,NA,NA,v1,NA,NA
CU-nochange,2020-08-16,2020-08-17T18:44:10Z,NA,NA,v1,NA,NA
CU-nochange,2020-08-20,2020-08-24T18:20:07Z,NA,NA,v1,NA,NA
CU-nochange,2020-08-23,2020-08-24T18:20:07Z,NA,NA,v1,NA,NA
CU-nochange,2020-08-30,2020-08-31T21:24:21Z,NA,NA,v1,NA,NA
CU-nochange,2020-09-03,2020-09-07T23:38:55Z,NA,NA,v1,NA,NA
CU-nochange,2020-09-06,2020-09-07T23:38:55Z,NA,NA,v1,NA,NA
CU-nochange,2020-09-13,2020-09-14T21:50:53Z,NA,NA,v1,NA,NA
CU-nochange,2020-09-20,2020-09-21T22:03:11Z,NA,NA,v1,NA,NA
CU-nochange,2020-09-24,2020-09-28T21:31:55Z,NA,NA,v1,NA,NA
CU-nochange,2020-09-27,2020-09-28T21:31:55Z,NA,NA,v1,NA,NA
CU-nochange,2020-10-01,2020-10-06T08:47:04Z,NA,NA,v1,NA,NA
CU-nochange,2020-10-04,2020-10-06T08:47:04Z,NA,NA,v1,NA,NA
CU-nochange,2020-10-08,2020-10-09T14:18:28Z,NA,NA,v1,NA,NA
CU-nochange,2020-10-11,2020-10-12T21:11:50Z,NA,NA,v1,NA,NA
CU-nochange,2020-10-15,2020-10-16T04:33:35Z,NA,NA,v1,NA,NA
CU-nochange,2020-10-18,2020-10-19T16:39:54Z,NA,NA,v1,NA,NA
CU-nochange,2020-10-22,2020-10-23T05:28:55Z,NA,NA,v1,NA,NA
CU-nochange,2020-10-25,2020-10-26T16:30:58Z,NA,NA,v1,NA,NA
CU-nochange,2020-10-29,2020-11-03T04:53:43Z,NA,NA,v1,NA,NA
CU-nochange,2020-11-01,2020-11-03T04:53:43Z,NA,NA,v1,NA,NA
CU-nochange,2020-11-05,2020-11-10T01:49:06Z,NA,NA,v1,NA,NA
CU-nochange,2020-11-08,2020-11-10T01:49:06Z,NA,NA,v1,NA,NA
CU-scenario_high,2020-05-03,2020-06-18T18:11:11Z,NA,NA,v1,NA,NA
CU-scenario_high,2020-05-07,2020-06-18T18:11:11Z,NA,NA,v1,NA,NA
CU-scenario_high,2020-05-10,2020-06-18T18:11:11Z,NA,NA,v1,NA,NA
CU-scenario_high,2020-05-14,2020-06-18T18:11:11Z,NA,NA,v1,NA,NA
CU-scenario_high,2020-05-17,2020-06-18T18:11:11Z,NA,NA,v1,NA,NA
CU-scenario_high,2020-05-21,2020-06-18T18:11:11Z,NA,NA,v1,NA,NA
CU-scenario_high,2020-05-24,2020-06-18T18:11:11Z,NA,NA,v1,NA,NA
CU-scenario_high,2020-05-28,2020-06-18T18:11:11Z,NA,NA,v1,NA,NA
CU-scenario_high,2020-05-31,2020-06-18T18:11:11Z,NA,NA,v1,NA,NA
CU-scenario_high,2020-06-04,2020-06-18T18:11:11Z,NA,NA,v1,NA,NA
CU-scenario_high,2020-06-07,2020-06-18T18:11:11Z,NA,NA,v1,NA,NA
CU-scenario_high,2020-06-14,2020-06-18T18:11:11Z,NA,NA,v1,NA,NA
CU-scenario_high,2020-06-18,2020-06-19T16:19:47Z,NA,NA,v1,NA,NA
CU-scenario_high,2020-06-21,2020-06-23T01:17:02Z,2020-06-26T17:41:25Z,NA,v2,88.4063888888889,NA
CU-scenario_high,2020-06-25,2020-06-26T17:41:25Z,NA,NA,v1,NA,NA
CU-scenario_high,2020-06-28,2020-06-29T22:09:29Z,NA,NA,v1,NA,NA
CU-scenario_high,2020-07-02,2020-07-03T21:44:35Z,NA,NA,v1,NA,NA
CU-scenario_high,2020-07-05,2020-07-07T12:32:14Z,NA,NA,v1,NA,NA
CU-scenario_high,2020-07-12,2020-07-13T20:08:25Z,NA,NA,v1,NA,NA
CU-scenario_high,2020-07-19,2020-07-21T00:38:23Z,NA,NA,v1,NA,NA
CU-scenario_high,2020-07-26,2020-07-27T22:21:36Z,NA,NA,v1,NA,NA
CU-scenario_high,2020-08-02,2020-08-03T20:20:08Z,NA,NA,v1,NA,NA
CU-scenario_high,2020-08-06,2020-08-08T13:56:08Z,NA,NA,v1,NA,NA
CU-scenario_high,2020-08-09,2020-08-10T19:09:29Z,NA,NA,v1,NA,NA
CU-scenario_high,2020-08-13,2020-08-17T18:44:10Z,NA,NA,v1,NA,NA
CU-scenario_high,2020-08-16,2020-08-17T18:44:10Z,NA,NA,v1,NA,NA
CU-scenario_high,2020-08-20,2020-08-24T18:20:07Z,NA,NA,v1,NA,NA
CU-scenario_high,2020-08-23,2020-08-24T18:20:07Z,NA,NA,v1,NA,NA
CU-scenario_high,2020-08-30,2020-08-31T21:24:21Z,NA,NA,v1,NA,NA
CU-scenario_high,2020-09-03,2020-09-07T23:38:55Z,NA,NA,v1,NA,NA
CU-scenario_high,2020-09-06,2020-09-07T23:38:55Z,NA,NA,v1,NA,NA
CU-scenario_high,2020-09-13,2020-09-14T21:50:53Z,NA,NA,v1,NA,NA
CU-scenario_high,2020-09-20,2020-09-21T22:03:11Z,NA,NA,v1,NA,NA
CU-scenario_high,2020-09-24,2020-09-28T21:31:55Z,NA,NA,v1,NA,NA
CU-scenario_high,2020-09-27,2020-09-28T21:31:55Z,NA,NA,v1,NA,NA
CU-scenario_high,2020-10-04,2020-10-06T08:47:04Z,NA,NA,v1,NA,NA
CU-scenario_high,2020-10-08,2020-10-09T14:18:28Z,NA,NA,v1,NA,NA
CU-scenario_high,2020-10-11,2020-10-12T21:11:50Z,NA,NA,v1,NA,NA
CU-scenario_high,2020-10-15,2020-10-16T04:33:35Z,NA,NA,v1,NA,NA
CU-scenario_high,2020-10-18,2020-10-19T16:39:54Z,NA,NA,v1,NA,NA
CU-scenario_high,2020-10-22,2020-10-23T05:28:55Z,NA,NA,v1,NA,NA
CU-scenario_high,2020-10-25,2020-10-26T16:30:58Z,NA,NA,v1,NA,NA
CU-scenario_high,2020-10-29,2020-11-03T04:53:43Z,NA,NA,v1,NA,NA
CU-scenario_high,2020-11-01,2020-11-03T04:53:43Z,NA,NA,v1,NA,NA
CU-scenario_high,2020-11-05,2020-11-10T01:49:06Z,NA,NA,v1,NA,NA
CU-scenario_high,2020-11-08,2020-11-10T01:49:06Z,NA,NA,v1,NA,NA
CU-scenario_mid,2020-05-07,2020-06-18T19:02:13Z,NA,NA,v1,NA,NA
CU-scenario_mid,2020-05-10,2020-06-18T19:02:13Z,NA,NA,v1,NA,NA
CU-scenario_mid,2020-05-14,2020-06-18T19:02:13Z,NA,NA,v1,NA,NA
CU-scenario_mid,2020-05-17,2020-06-18T19:02:13Z,NA,NA,v1,NA,NA
CU-scenario_mid,2020-05-21,2020-06-18T19:02:13Z,NA,NA,v1,NA,NA
CU-scenario_mid,2020-05-24,2020-06-18T19:02:13Z,NA,NA,v1,NA,NA
CU-scenario_mid,2020-05-28,2020-06-18T19:02:13Z,NA,NA,v1,NA,NA
CU-scenario_mid,2020-05-31,2020-06-18T19:02:13Z,NA,NA,v1,NA,NA
CU-scenario_mid,2020-06-04,2020-06-18T19:02:13Z,NA,NA,v1,NA,NA
CU-scenario_mid,2020-06-07,2020-06-18T19:02:13Z,NA,NA,v1,NA,NA
CU-scenario_mid,2020-06-11,2020-06-18T19:02:13Z,NA,NA,v1,NA,NA
CU-scenario_mid,2020-06-14,2020-06-18T19:02:13Z,NA,NA,v1,NA,NA
CU-scenario_mid,2020-06-18,2020-06-19T16:19:47Z,NA,NA,v1,NA,NA
CU-scenario_mid,2020-06-21,2020-06-23T01:17:02Z,2020-06-26T17:41:25Z,NA,v2,88.4063888888889,NA
CU-scenario_mid,2020-06-25,2020-06-26T17:41:25Z,NA,NA,v1,NA,NA
CU-scenario_mid,2020-06-28,2020-06-29T22:09:29Z,NA,NA,v1,NA,NA
CU-scenario_mid,2020-07-02,2020-07-03T21:44:35Z,NA,NA,v1,NA,NA
CU-scenario_mid,2020-07-05,2020-07-07T12:32:14Z,NA,NA,v1,NA,NA
CU-scenario_mid,2020-07-12,2020-07-13T20:08:25Z,NA,NA,v1,NA,NA
CU-scenario_mid,2020-07-19,2020-07-21T00:38:23Z,NA,NA,v1,NA,NA
CU-scenario_mid,2020-07-26,2020-07-27T22:21:36Z,NA,NA,v1,NA,NA
CU-scenario_mid,2020-08-02,2020-08-03T20:20:08Z,NA,NA,v1,NA,NA
CU-scenario_mid,2020-08-06,2020-08-08T13:56:08Z,NA,NA,v1,NA,NA
CU-scenario_mid,2020-08-09,2020-08-10T19:09:29Z,NA,NA,v1,NA,NA
CU-scenario_mid,2020-08-13,2020-08-17T18:44:10Z,NA,NA,v1,NA,NA
CU-scenario_mid,2020-08-16,2020-08-17T18:44:10Z,NA,NA,v1,NA,NA
CU-scenario_mid,2020-08-20,2020-08-24T18:20:07Z,NA,NA,v1,NA,NA
CU-scenario_mid,2020-08-23,2020-08-24T18:20:07Z,NA,NA,v1,NA,NA
CU-scenario_mid,2020-08-30,2020-08-31T21:24:21Z,NA,NA,v1,NA,NA
CU-scenario_mid,2020-09-03,2020-09-07T23:38:55Z,NA,NA,v1,NA,NA
CU-scenario_mid,2020-09-06,2020-09-07T23:38:55Z,NA,NA,v1,NA,NA
CU-scenario_mid,2020-09-13,2020-09-14T21:50:53Z,NA,NA,v1,NA,NA
CU-scenario_mid,2020-09-20,2020-09-21T22:03:11Z,NA,NA,v1,NA,NA
CU-scenario_mid,2020-09-24,2020-09-28T21:31:55Z,NA,NA,v1,NA,NA
CU-scenario_mid,2020-09-27,2020-09-28T21:31:55Z,NA,NA,v1,NA,NA
CU-scenario_mid,2020-10-04,2020-10-06T08:47:04Z,NA,NA,v1,NA,NA
CU-scenario_mid,2020-10-08,2020-10-09T14:18:28Z,NA,NA,v1,NA,NA
CU-scenario_mid,2020-10-11,2020-10-12T21:11:50Z,NA,NA,v1,NA,NA
CU-scenario_mid,2020-10-15,2020-10-16T04:33:35Z,NA,NA,v1,NA,NA
CU-scenario_mid,2020-10-18,2020-10-19T16:39:54Z,NA,NA,v1,NA,NA
CU-scenario_mid,2020-10-22,2020-10-23T05:28:55Z,NA,NA,v1,NA,NA
CU-scenario_mid,2020-10-25,2020-10-26T16:30:58Z,NA,NA,v1,NA,NA
CU-scenario_mid,2020-10-29,2020-11-03T04:53:43Z,NA,NA,v1,NA,NA
CU-scenario_mid,2020-11-01,2020-11-03T04:53:43Z,NA,NA,v1,NA,NA
CU-scenario_mid,2020-11-05,2020-11-10T01:49:06Z,NA,NA,v1,NA,NA
CU-scenario_mid,2020-11-08,2020-11-10T01:49:06Z,NA,NA,v1,NA,NA
CU-select,2020-05-03,2020-06-23T16:48:26Z,NA,NA,v1,NA,NA
CU-select,2020-05-07,2020-06-18T20:33:11Z,NA,NA,v1,NA,NA
CU-select,2020-05-10,2020-05-11T18:40:12Z,NA,NA,v1,NA,NA
CU-select,2020-05-14,2020-05-15T18:49:23Z,NA,NA,v1,NA,NA
CU-select,2020-05-17,2020-05-19T00:38:02Z,NA,NA,v1,NA,NA
CU-select,2020-05-21,2020-05-25T13:14:23Z,NA,NA,v1,NA,NA
CU-select,2020-05-24,2020-05-25T21:03:07Z,NA,NA,v1,NA,NA
CU-select,2020-05-28,2020-05-29T12:04:07Z,NA,NA,v1,NA,NA
CU-select,2020-05-31,2020-06-01T20:14:16Z,NA,NA,v1,NA,NA
CU-select,2020-06-04,2020-06-08T16:18:54Z,NA,NA,v1,NA,NA
CU-select,2020-06-07,2020-06-08T22:35:45Z,NA,NA,v1,NA,NA
CU-select,2020-06-11,2020-06-12T05:31:56Z,NA,NA,v1,NA,NA
CU-select,2020-06-14,2020-06-15T18:57:19Z,NA,NA,v1,NA,NA
CU-select,2020-06-18,2020-06-19T16:19:47Z,NA,NA,v1,NA,NA
CU-select,2020-06-21,2020-06-23T01:17:02Z,2020-06-26T17:41:25Z,NA,v2,88.4063888888889,NA
CU-select,2020-06-25,2020-06-26T17:41:25Z,NA,NA,v1,NA,NA
CU-select,2020-06-28,2020-06-29T22:09:29Z,NA,NA,v1,NA,NA
CU-select,2020-07-02,2020-07-03T21:44:35Z,NA,NA,v1,NA,NA
CU-select,2020-07-05,2020-07-07T12:32:14Z,NA,NA,v1,NA,NA
CU-select,2020-07-12,2020-07-13T20:08:25Z,NA,NA,v1,NA,NA
CU-select,2020-07-19,2020-07-21T00:38:23Z,NA,NA,v1,NA,NA
CU-select,2020-07-26,2020-07-27T22:21:36Z,NA,NA,v1,NA,NA
CU-select,2020-08-02,2020-08-03T20:20:08Z,NA,NA,v1,NA,NA
CU-select,2020-08-06,2020-08-08T13:56:08Z,NA,NA,v1,NA,NA
CU-select,2020-08-09,2020-08-10T19:09:29Z,NA,NA,v1,NA,NA
CU-select,2020-08-13,2020-08-17T18:44:10Z,NA,NA,v1,NA,NA
CU-select,2020-08-16,2020-08-17T18:44:10Z,NA,NA,v1,NA,NA
CU-select,2020-08-20,2020-08-24T18:20:07Z,NA,NA,v1,NA,NA
CU-select,2020-08-23,2020-08-24T18:20:07Z,NA,NA,v1,NA,NA
CU-select,2020-08-30,2020-08-31T21:24:21Z,NA,NA,v1,NA,NA
CU-select,2020-09-03,2020-09-07T23:38:55Z,NA,NA,v1,NA,NA
CU-select,2020-09-06,2020-09-07T23:38:55Z,NA,NA,v1,NA,NA
CU-select,2020-09-13,2020-09-14T21:50:53Z,NA,NA,v1,NA,NA
CU-select,2020-09-20,2020-09-21T22:03:11Z,NA,NA,v1,NA,NA
CU-select,2020-09-24,2020-09-28T21:31:55Z,NA,NA,v1,NA,NA
CU-select,2020-09-27,2020-09-28T21:31:55Z,NA,NA,v1,NA,NA
CU-select,2020-10-04,2020-10-06T08:47:04Z,NA,NA,v1,NA,NA
CU-select,2020-10-08,2020-10-09T14:18:28Z,NA,NA,v1,NA,NA
CU-select,2020-10-11,2020-10-12T21:11:50Z,NA,NA,v1,NA,NA
CU-select,2020-10-15,2020-10-16T04:33:35Z,NA,NA,v1,NA,NA
CU-select,2020-10-18,2020-10-19T16:39:54Z,NA,NA,v1,NA,NA
CU-select,2020-10-22,2020-10-23T05:28:55Z,NA,NA,v1,NA,NA
CU-select,2020-10-25,2020-10-26T16:30:58Z,NA,NA,v1,NA,NA
CU-select,2020-10-29,2020-11-03T04:53:43Z,NA,NA,v1,NA,NA
CU-select,2020-11-01,2020-11-03T04:53:43Z,NA,NA,v1,NA,NA
CU-select,2020-11-05,2020-11-10T01:49:06Z,NA,NA,v1,NA,NA
CU-select,2020-11-08,2020-11-10T01:49:06Z,NA,NA,v1,NA,NA
DDS-NBDS,2020-07-27,2020-07-28T00:23:09Z,NA,NA,v1,NA,NA
DDS-NBDS,2020-08-03,2020-08-03T23:26:49Z,NA,NA,v1,NA,NA
DDS-NBDS,2020-08-09,2020-08-10T02:15:00Z,NA,NA,v1,NA,NA
DDS-NBDS,2020-08-10,2020-08-10T22:37:35Z,NA,NA,v1,NA,NA
DDS-NBDS,2020-08-17,2020-08-17T21:48:43Z,NA,NA,v1,NA,NA
DDS-NBDS,2020-08-24,2020-08-24T19:50:15Z,NA,NA,v1,NA,NA
DDS-NBDS,2020-08-30,2020-08-31T03:33:44Z,NA,NA,v1,NA,NA
DDS-NBDS,2020-08-31,2020-08-31T19:13:20Z,NA,NA,v1,NA,NA
DDS-NBDS,2020-09-07,2020-09-07T21:29:05Z,NA,NA,v1,NA,NA
DDS-NBDS,2020-09-13,2020-09-14T04:17:45Z,NA,NA,v1,NA,NA
DDS-NBDS,2020-09-14,2020-09-14T21:49:46Z,NA,NA,v1,NA,NA
DDS-NBDS,2020-09-20,2020-09-21T03:32:19Z,NA,NA,v1,NA,NA
DDS-NBDS,2020-09-21,2020-09-21T16:36:15Z,NA,NA,v1,NA,NA
DDS-NBDS,2020-09-27,2020-09-28T05:27:05Z,NA,NA,v1,NA,NA
DDS-NBDS,2020-09-28,2020-09-28T21:27:49Z,NA,NA,v1,NA,NA
DDS-NBDS,2020-10-04,2020-10-05T08:37:52Z,NA,NA,v1,NA,NA
DDS-NBDS,2020-10-05,2020-10-06T08:43:47Z,NA,NA,v1,NA,NA
DDS-NBDS,2020-10-11,2020-10-12T11:17:05Z,NA,NA,v1,NA,NA
DDS-NBDS,2020-10-12,2020-10-13T00:59:03Z,NA,NA,v1,NA,NA
DDS-NBDS,2020-10-19,2020-10-20T16:32:52Z,NA,NA,v1,NA,NA
DDS-NBDS,2020-10-26,2020-10-26T21:30:15Z,NA,NA,v1,NA,NA
DDS-NBDS,2020-11-02,2020-11-02T23:12:30Z,NA,NA,v1,NA,NA
DDS-NBDS,2020-11-09,2020-11-10T01:23:13Z,NA,NA,v1,NA,NA
epiforecasts-ensemble1,2020-06-15,2020-06-16T01:06:24Z,NA,NA,v1,NA,NA
epiforecasts-ensemble1,2020-06-22,2020-06-22T22:49:30Z,NA,NA,v1,NA,NA
epiforecasts-ensemble1,2020-06-29,2020-06-29T20:34:15Z,NA,NA,v1,NA,NA
epiforecasts-ensemble1,2020-07-06,2020-07-07T01:07:19Z,NA,NA,v1,NA,NA
epiforecasts-ensemble1,2020-07-13,2020-07-14T01:25:03Z,NA,NA,v1,NA,NA
epiforecasts-ensemble1,2020-07-19,2020-07-20T17:59:58Z,NA,NA,v1,NA,NA
epiforecasts-ensemble1,2020-07-26,2020-07-27T22:37:27Z,NA,NA,v1,NA,NA
epiforecasts-ensemble1,2020-08-03,2020-08-03T18:50:27Z,NA,NA,v1,NA,NA
epiforecasts-ensemble1,2020-08-10,2020-08-10T19:07:41Z,NA,NA,v1,NA,NA
epiforecasts-ensemble1,2020-08-17,2020-08-19T13:40:59Z,NA,NA,v1,NA,NA
epiforecasts-ensemble1,2020-08-24,2020-08-24T23:14:10Z,NA,NA,v1,NA,NA
epiforecasts-ensemble1,2020-08-31,2020-08-31T21:25:17Z,NA,NA,v1,NA,NA
epiforecasts-ensemble1,2020-09-07,2020-09-07T21:28:10Z,NA,NA,v1,NA,NA
epiforecasts-ensemble1,2020-09-14,2020-09-14T23:00:44Z,NA,NA,v1,NA,NA
epiforecasts-ensemble1,2020-09-21,2020-09-22T01:18:49Z,NA,NA,v1,NA,NA
epiforecasts-ensemble1,2020-09-28,2020-09-28T23:16:00Z,NA,NA,v1,NA,NA
epiforecasts-ensemble1,2020-10-05,2020-10-06T08:44:41Z,NA,NA,v1,NA,NA
epiforecasts-ensemble1,2020-10-12,2020-10-13T11:04:28Z,NA,NA,v1,NA,NA
epiforecasts-ensemble1,2020-10-19,2020-10-20T03:11:10Z,NA,NA,v1,NA,NA
epiforecasts-ensemble1,2020-10-26,2020-10-26T21:24:21Z,NA,NA,v1,NA,NA
epiforecasts-ensemble1,2020-11-02,2020-11-02T23:11:36Z,NA,NA,v1,NA,NA
epiforecasts-ensemble1,2020-11-09,2020-11-09T22:59:39Z,NA,NA,v1,NA,NA
Geneva-DetGrowth,2020-05-02,2020-06-19T21:26:28Z,NA,NA,v1,NA,NA
Geneva-DetGrowth,2020-05-03,2020-06-19T21:26:28Z,NA,NA,v1,NA,NA
Geneva-DetGrowth,2020-05-04,2020-06-19T21:26:28Z,NA,NA,v1,NA,NA
Geneva-DetGrowth,2020-05-09,2020-06-19T21:26:28Z,NA,NA,v1,NA,NA
Geneva-DetGrowth,2020-05-10,2020-06-19T21:26:28Z,NA,NA,v1,NA,NA
Geneva-DetGrowth,2020-05-11,2020-06-19T21:26:28Z,NA,NA,v1,NA,NA
Geneva-DetGrowth,2020-05-16,2020-06-19T21:26:28Z,NA,NA,v1,NA,NA
Geneva-DetGrowth,2020-05-17,2020-06-19T21:26:28Z,NA,NA,v1,NA,NA
Geneva-DetGrowth,2020-05-18,2020-06-19T21:26:28Z,NA,NA,v1,NA,NA
Geneva-DetGrowth,2020-05-24,2020-06-19T21:26:28Z,NA,NA,v1,NA,NA
Geneva-DetGrowth,2020-05-25,2020-06-19T21:26:28Z,NA,NA,v1,NA,NA
Geneva-DetGrowth,2020-05-31,2020-06-19T21:26:28Z,NA,NA,v1,NA,NA
Geneva-DetGrowth,2020-06-01,2020-06-19T21:26:28Z,NA,NA,v1,NA,NA
Geneva-DetGrowth,2020-06-07,2020-06-19T21:26:28Z,NA,NA,v1,NA,NA
Geneva-DetGrowth,2020-07-05,2020-07-13T21:01:48Z,NA,NA,v1,NA,NA
Geneva-DetGrowth,2020-07-12,2020-07-13T21:01:48Z,NA,NA,v1,NA,NA
Geneva-DetGrowth,2020-07-19,2020-07-20T15:20:01Z,NA,NA,v1,NA,NA
Geneva-DetGrowth,2020-07-26,2020-07-27T10:14:39Z,NA,NA,v1,NA,NA
Geneva-DetGrowth,2020-08-02,2020-08-03T07:43:58Z,NA,NA,v1,NA,NA
Geneva-DetGrowth,2020-08-09,2020-08-10T10:04:43Z,NA,NA,v1,NA,NA
Geneva-DetGrowth,2020-08-16,2020-08-17T08:59:23Z,NA,NA,v1,NA,NA
Geneva-DetGrowth,2020-08-23,2020-08-24T07:27:21Z,NA,NA,v1,NA,NA
Geneva-DetGrowth,2020-08-30,2020-08-31T09:05:53Z,NA,NA,v1,NA,NA
Geneva-DetGrowth,2020-09-06,2020-09-07T07:14:40Z,NA,NA,v1,NA,NA
Geneva-DetGrowth,2020-09-13,2020-09-14T12:12:21Z,NA,NA,v1,NA,NA
Geneva-DetGrowth,2020-09-20,2020-09-21T22:01:27Z,NA,NA,v1,NA,NA
Geneva-DetGrowth,2020-09-27,2020-09-28T11:08:20Z,NA,NA,v1,NA,NA
Geneva-DetGrowth,2020-10-04,2020-10-05T11:42:43Z,NA,NA,v1,NA,NA
Geneva-DetGrowth,2020-10-11,2020-10-12T11:19:14Z,NA,NA,v1,NA,NA
Geneva-DetGrowth,2020-10-18,2020-10-19T16:38:53Z,NA,NA,v1,NA,NA
Geneva-DetGrowth,2020-10-25,2020-10-26T12:48:11Z,NA,NA,v1,NA,NA
Geneva-DetGrowth,2020-11-01,2020-11-02T12:33:21Z,NA,NA,v1,NA,NA
Geneva-DetGrowth,2020-11-08,2020-11-09T09:10:07Z,NA,NA,v1,NA,NA
Google_Harvard-CPF,2020-08-13,2020-08-16T13:08:06Z,NA,NA,v1,NA,NA
Google_Harvard-CPF,2020-08-16,2020-08-17T21:55:35Z,NA,NA,v1,NA,NA
Google_Harvard-CPF,2020-08-23,2020-08-24T22:23:32Z,NA,NA,v1,NA,NA
Google_Harvard-CPF,2020-08-30,2020-08-31T21:45:43Z,NA,NA,v1,NA,NA
Google_Harvard-CPF,2020-09-06,2020-09-07T22:21:56Z,NA,NA,v1,NA,NA
Google_Harvard-CPF,2020-09-13,2020-09-14T22:11:55Z,NA,NA,v1,NA,NA
Google_Harvard-CPF,2020-09-20,2020-09-22T01:05:38Z,NA,NA,v1,NA,NA
Google_Harvard-CPF,2020-09-27,2020-09-28T22:53:37Z,NA,NA,v1,NA,NA
Google_Harvard-CPF,2020-10-04,2020-10-06T08:37:11Z,NA,NA,v1,NA,NA
Google_Harvard-CPF,2020-10-11,2020-10-12T22:20:51Z,NA,NA,v1,NA,NA
Google_Harvard-CPF,2020-10-18,2020-10-19T23:52:11Z,NA,NA,v1,NA,NA
Google_Harvard-CPF,2020-10-25,2020-10-26T22:55:01Z,NA,NA,v1,NA,NA
Google_Harvard-CPF,2020-11-01,2020-11-02T22:52:26Z,NA,NA,v1,NA,NA
Google_Harvard-CPF,2020-11-08,2020-11-09T23:22:56Z,NA,NA,v1,NA,NA
GT-DeepCOVID,2020-05-04,2020-05-05T12:02:09Z,NA,NA,v1,NA,NA
GT-DeepCOVID,2020-05-11,2020-05-11T22:07:10Z,NA,NA,v1,NA,NA
GT-DeepCOVID,2020-05-18,2020-05-18T23:25:31Z,NA,NA,v1,NA,NA
GT-DeepCOVID,2020-05-25,2020-05-25T23:49:37Z,NA,NA,v1,NA,NA
GT-DeepCOVID,2020-06-01,2020-06-01T21:39:18Z,NA,NA,v1,NA,NA
GT-DeepCOVID,2020-06-08,2020-06-09T19:26:39Z,NA,NA,v1,NA,NA
GT-DeepCOVID,2020-06-15,2020-06-15T19:36:05Z,NA,NA,v1,NA,NA
GT-DeepCOVID,2020-06-22,2020-06-22T21:18:51Z,NA,NA,v1,NA,NA
GT-DeepCOVID,2020-06-29,2020-06-29T20:35:32Z,NA,NA,v1,NA,NA
GT-DeepCOVID,2020-07-06,2020-07-07T01:06:59Z,NA,NA,v1,NA,NA
GT-DeepCOVID,2020-07-13,2020-07-13T23:48:44Z,NA,NA,v1,NA,NA
GT-DeepCOVID,2020-07-20,2020-07-20T19:36:52Z,NA,NA,v1,NA,NA
GT-DeepCOVID,2020-07-27,2020-07-27T22:16:53Z,NA,NA,v1,NA,NA
GT-DeepCOVID,2020-08-03,2020-08-03T20:37:17Z,NA,NA,v1,NA,NA
GT-DeepCOVID,2020-08-10,2020-08-10T22:36:27Z,NA,NA,v1,NA,NA
GT-DeepCOVID,2020-08-17,2020-08-17T21:55:57Z,NA,NA,v1,NA,NA
GT-DeepCOVID,2020-08-24,2020-08-24T22:21:37Z,NA,NA,v1,NA,NA
GT-DeepCOVID,2020-08-31,2020-08-31T21:22:56Z,NA,NA,v1,NA,NA
GT-DeepCOVID,2020-09-07,2020-09-07T22:22:44Z,NA,NA,v1,NA,NA
GT-DeepCOVID,2020-09-14,2020-09-14T22:00:05Z,2020-09-16T16:24:11Z,NA,v2,42.4016666666667,NA
GT-DeepCOVID,2020-09-21,2020-09-21T21:58:24Z,NA,NA,v1,NA,NA
GT-DeepCOVID,2020-09-28,2020-09-28T23:15:09Z,NA,NA,v1,NA,NA
GT-DeepCOVID,2020-10-05,2020-10-06T08:41:51Z,NA,NA,v1,NA,NA
GT-DeepCOVID,2020-10-12,2020-10-12T21:13:42Z,NA,NA,v1,NA,NA
GT-DeepCOVID,2020-10-19,2020-10-20T03:08:35Z,NA,NA,v1,NA,NA
GT-DeepCOVID,2020-10-26,2020-10-26T22:35:57Z,NA,NA,v1,NA,NA
GT-DeepCOVID,2020-11-02,2020-11-02T23:12:00Z,NA,NA,v1,NA,NA
GT-DeepCOVID,2020-11-09,2020-11-10T01:23:38Z,NA,NA,v1,NA,NA
GT_CHHS-COVID19,2020-05-31,2020-06-01T17:44:05Z,NA,NA,v1,NA,NA
GT_CHHS-COVID19,2020-06-07,2020-06-08T16:33:21Z,NA,NA,v1,NA,NA
GT_CHHS-COVID19,2020-06-14,2020-06-15T01:44:33Z,NA,NA,v1,NA,NA
GT_CHHS-COVID19,2020-06-21,2020-06-22T15:03:39Z,NA,NA,v1,NA,NA
GT_CHHS-COVID19,2020-06-28,2020-06-28T16:11:24Z,NA,NA,v1,NA,NA
GT_CHHS-COVID19,2020-07-05,2020-07-06T22:39:17Z,NA,NA,v1,NA,NA
GT_CHHS-COVID19,2020-07-12,2020-07-13T19:50:23Z,NA,NA,v1,NA,NA
GT_CHHS-COVID19,2020-07-19,2020-07-20T03:15:50Z,NA,NA,v1,NA,NA
GT_CHHS-COVID19,2020-07-26,2020-07-26T22:52:57Z,NA,NA,v1,NA,NA
GT_CHHS-COVID19,2020-08-02,2020-08-03T02:13:01Z,NA,NA,v1,NA,NA
GT_CHHS-COVID19,2020-08-09,2020-08-09T20:28:26Z,NA,NA,v1,NA,NA
GT_CHHS-COVID19,2020-08-16,2020-08-16T18:46:05Z,NA,NA,v1,NA,NA
GT_CHHS-COVID19,2020-08-23,2020-08-23T18:09:45Z,NA,NA,v1,NA,NA
GT_CHHS-COVID19,2020-08-30,2020-08-30T21:46:37Z,NA,NA,v1,NA,NA
GT_CHHS-COVID19,2020-09-06,2020-09-07T06:03:01Z,NA,NA,v1,NA,NA
GT_CHHS-COVID19,2020-09-13,2020-09-13T16:44:38Z,NA,NA,v1,NA,NA
IBF-TimeSeries,2020-09-07,2020-09-08T14:02:32Z,NA,NA,v1,NA,NA
IBF-TimeSeries,2020-09-14,2020-09-14T21:57:59Z,NA,NA,v1,NA,NA
IBF-TimeSeries,2020-09-21,2020-09-21T21:55:52Z,NA,NA,v1,NA,NA
IBF-TimeSeries,2020-09-28,2020-09-28T21:14:17Z,NA,NA,v1,NA,NA
IBF-TimeSeries,2020-10-12,2020-10-13T13:11:58Z,NA,NA,v1,NA,NA
IBF-TimeSeries,2020-10-19,2020-10-20T03:15:03Z,NA,NA,v1,NA,NA
IBF-TimeSeries,2020-10-26,2020-10-26T21:29:41Z,NA,NA,v1,NA,NA
IBF-TimeSeries,2020-11-02,2020-11-02T19:11:05Z,NA,NA,v1,NA,NA
IBF-TimeSeries,2020-11-09,2020-11-09T19:53:02Z,NA,NA,v1,NA,NA
IHME-CurveFit,2020-05-04,2020-05-04T23:42:17Z,NA,NA,v1,NA,NA
IHME-CurveFit,2020-05-08,2020-05-12T14:59:56Z,NA,NA,v1,NA,NA
IHME-CurveFit,2020-05-12,2020-05-16T12:18:01Z,2020-05-18T21:06:54Z,2020-05-20T01:25:26Z,v3,56.8147222222222,28.3088888888889
IHME-CurveFit,2020-05-18,2020-05-19T21:13:14Z,NA,NA,v1,NA,NA
IHME-CurveFit,2020-05-29,2020-06-01T19:44:08Z,NA,NA,v1,NA,NA
IHME-CurveFit,2020-06-05,2020-06-08T21:48:22Z,NA,NA,v1,NA,NA
IHME-CurveFit,2020-06-08,2020-06-08T23:36:04Z,NA,NA,v1,NA,NA
IHME-CurveFit,2020-06-10,2020-06-11T02:55:48Z,NA,NA,v1,NA,NA
IHME-CurveFit,2020-06-15,2020-06-15T21:46:29Z,NA,NA,v1,NA,NA
IHME-CurveFit,2020-06-22,2020-06-22T21:24:52Z,NA,NA,v1,NA,NA
IHME-CurveFit,2020-06-24,2020-06-26T17:41:52Z,NA,NA,v1,NA,NA
IHME-CurveFit,2020-06-29,2020-06-29T23:05:42Z,NA,NA,v1,NA,NA
IHME-CurveFit,2020-07-06,2020-07-07T12:35:00Z,NA,NA,v1,NA,NA
IHME-CurveFit,2020-07-17,2020-07-19T15:12:30Z,NA,NA,v1,NA,NA
IHME-CurveFit,2020-07-23,2020-07-23T19:46:23Z,NA,NA,v1,NA,NA
IHME-CurveFit,2020-07-30,2020-07-31T21:03:01Z,NA,NA,v1,NA,NA
IHME-CurveFit,2020-08-06,2020-08-06T23:07:39Z,NA,NA,v1,NA,NA
IHME-CurveFit,2020-08-24,2020-08-24T22:23:05Z,NA,NA,v1,NA,NA
IHME-CurveFit,2020-08-27,2020-08-28T06:26:22Z,NA,NA,v1,NA,NA
IHME-CurveFit,2020-09-03,2020-09-04T22:20:05Z,NA,NA,v1,NA,NA
IHME-CurveFit,2020-09-21,2020-09-21T19:08:28Z,NA,NA,v1,NA,NA
IHME-CurveFit,2020-09-28,2020-09-28T21:11:49Z,NA,NA,v1,NA,NA
IHME-CurveFit,2020-10-16,2020-10-17T22:40:26Z,NA,NA,v1,NA,NA
IHME-CurveFit,2020-10-26,2020-10-26T22:35:31Z,NA,NA,v1,NA,NA
Imperial-ensemble1,2020-05-03,2020-05-04T20:47:01Z,NA,NA,v1,NA,NA
Imperial-ensemble1,2020-05-10,2020-05-11T21:45:38Z,NA,NA,v1,NA,NA
Imperial-ensemble1,2020-05-17,2020-05-19T00:39:12Z,NA,NA,v1,NA,NA
Imperial-ensemble1,2020-05-24,2020-05-25T21:20:48Z,NA,NA,v1,NA,NA
Imperial-ensemble1,2020-05-31,2020-06-02T14:21:58Z,NA,NA,v1,NA,NA
Imperial-ensemble1,2020-06-07,2020-06-08T22:14:36Z,NA,NA,v1,NA,NA
Imperial-ensemble1,2020-06-14,2020-06-16T00:48:53Z,NA,NA,v1,NA,NA
Imperial-ensemble1,2020-06-21,2020-06-22T22:50:09Z,NA,NA,v1,NA,NA
Imperial-ensemble1,2020-06-28,2020-06-30T11:35:31Z,NA,NA,v1,NA,NA
Imperial-ensemble2,2020-05-03,2020-05-04T20:47:01Z,NA,NA,v1,NA,NA
Imperial-ensemble2,2020-05-10,2020-05-11T21:45:38Z,NA,NA,v1,NA,NA
Imperial-ensemble2,2020-05-17,2020-05-19T00:39:12Z,NA,NA,v1,NA,NA
Imperial-ensemble2,2020-05-24,2020-05-25T21:20:48Z,NA,NA,v1,NA,NA
Imperial-ensemble2,2020-05-31,2020-06-02T14:21:58Z,NA,NA,v1,NA,NA
Imperial-ensemble2,2020-06-07,2020-06-08T22:14:36Z,NA,NA,v1,NA,NA
Imperial-ensemble2,2020-06-14,2020-06-16T00:48:53Z,NA,NA,v1,NA,NA
Imperial-ensemble2,2020-06-21,2020-06-22T22:50:09Z,NA,NA,v1,NA,NA
Imperial-ensemble2,2020-06-28,2020-06-30T11:35:31Z,NA,NA,v1,NA,NA
IowaStateLW-STEM,2020-05-01,2020-05-26T19:06:28Z,NA,NA,v1,NA,NA
IowaStateLW-STEM,2020-05-17,2020-05-26T19:06:28Z,NA,NA,v1,NA,NA
IowaStateLW-STEM,2020-05-24,2020-05-26T19:06:28Z,NA,NA,v1,NA,NA
IowaStateLW-STEM,2020-05-31,2020-06-01T18:02:48Z,NA,NA,v1,NA,NA
IowaStateLW-STEM,2020-06-07,2020-06-09T03:07:18Z,NA,NA,v1,NA,NA
IowaStateLW-STEM,2020-06-14,2020-06-16T00:55:34Z,NA,NA,v1,NA,NA
IowaStateLW-STEM,2020-06-21,2020-06-22T21:19:44Z,NA,NA,v1,NA,NA
IowaStateLW-STEM,2020-06-28,2020-06-30T00:20:49Z,NA,NA,v1,NA,NA
IowaStateLW-STEM,2020-07-05,2020-07-07T21:20:30Z,NA,NA,v1,NA,NA
IowaStateLW-STEM,2020-07-12,2020-07-13T20:07:20Z,NA,NA,v1,NA,NA
IowaStateLW-STEM,2020-07-19,2020-07-20T20:48:21Z,NA,NA,v1,NA,NA
IowaStateLW-STEM,2020-07-26,2020-07-27T22:42:12Z,NA,NA,v1,NA,NA
IowaStateLW-STEM,2020-08-02,2020-08-03T23:32:49Z,NA,NA,v1,NA,NA
IowaStateLW-STEM,2020-08-16,2020-08-17T21:39:50Z,NA,NA,v1,NA,NA
IowaStateLW-STEM,2020-08-23,2020-08-24T20:22:59Z,NA,NA,v1,NA,NA
IowaStateLW-STEM,2020-08-30,2020-08-31T19:15:09Z,NA,NA,v1,NA,NA
IowaStateLW-STEM,2020-09-06,2020-09-07T20:07:57Z,NA,NA,v1,NA,NA
IowaStateLW-STEM,2020-09-13,2020-09-14T21:56:52Z,NA,NA,v1,NA,NA
IowaStateLW-STEM,2020-09-20,2020-09-21T18:24:39Z,NA,NA,v1,NA,NA
IowaStateLW-STEM,2020-09-27,2020-09-28T21:08:05Z,NA,NA,v1,NA,NA
IowaStateLW-STEM,2020-10-04,2020-10-06T08:51:18Z,NA,NA,v1,NA,NA
IowaStateLW-STEM,2020-10-11,2020-10-12T22:11:43Z,NA,NA,v1,NA,NA
IowaStateLW-STEM,2020-10-18,2020-10-20T03:10:20Z,NA,NA,v1,NA,NA
IowaStateLW-STEM,2020-10-25,2020-10-26T21:22:57Z,NA,NA,v1,NA,NA
IowaStateLW-STEM,2020-11-01,2020-11-02T23:13:03Z,NA,NA,v1,NA,NA
IowaStateLW-STEM,2020-11-08,2020-11-10T01:24:02Z,NA,NA,v1,NA,NA
IQVIA_ACOE-STAN,2020-08-23,2020-08-23T17:34:18Z,NA,NA,v1,NA,NA
IQVIA_ACOE-STAN,2020-08-30,2020-08-31T13:34:37Z,NA,NA,v1,NA,NA
IQVIA_ACOE-STAN,2020-09-06,2020-09-06T16:56:49Z,NA,NA,v1,NA,NA
IQVIA_ACOE-STAN,2020-09-13,2020-09-14T12:57:32Z,NA,NA,v1,NA,NA
IQVIA_ACOE-STAN,2020-09-20,2020-09-21T00:08:39Z,NA,NA,v1,NA,NA
IQVIA_ACOE-STAN,2020-09-27,2020-09-27T21:27:09Z,NA,NA,v1,NA,NA
IQVIA_ACOE-STAN,2020-10-04,2020-10-04T15:50:31Z,NA,NA,v1,NA,NA
IQVIA_ACOE-STAN,2020-10-11,2020-10-12T11:14:04Z,NA,NA,v1,NA,NA
IQVIA_ACOE-STAN,2020-10-25,2020-10-26T12:15:00Z,NA,NA,v1,NA,NA
IQVIA_ACOE-STAN,2020-11-01,2020-11-01T15:41:34Z,NA,NA,v1,NA,NA
IQVIA_ACOE-STAN,2020-11-08,2020-11-09T13:56:56Z,NA,NA,v1,NA,NA
JCB-PRM,2020-07-27,2020-07-28T00:02:18Z,NA,NA,v1,NA,NA
JCB-PRM,2020-08-03,2020-08-03T18:57:04Z,2020-08-03T20:21:31Z,NA,v2,1.4075,NA
JCB-PRM,2020-08-10,2020-08-10T10:04:01Z,NA,NA,v1,NA,NA
JCB-PRM,2020-08-17,2020-08-17T12:19:20Z,NA,NA,v1,NA,NA
JCB-PRM,2020-08-24,2020-08-24T10:45:11Z,NA,NA,v1,NA,NA
JCB-PRM,2020-08-31,2020-08-31T09:46:46Z,NA,NA,v1,NA,NA
JCB-PRM,2020-09-07,2020-09-07T09:24:40Z,NA,NA,v1,NA,NA
JCB-PRM,2020-09-14,2020-09-14T15:27:53Z,NA,NA,v1,NA,NA
JCB-PRM,2020-09-21,2020-09-21T19:14:59Z,NA,NA,v1,NA,NA
JCB-PRM,2020-09-28,2020-09-28T21:12:48Z,NA,NA,v1,NA,NA
JCB-PRM,2020-10-05,2020-10-05T11:42:07Z,NA,NA,v1,NA,NA
JCB-PRM,2020-10-12,2020-10-12T11:20:26Z,NA,NA,v1,NA,NA
JCB-PRM,2020-10-19,2020-10-19T14:03:47Z,NA,NA,v1,NA,NA
JCB-PRM,2020-10-26,2020-10-26T12:47:29Z,NA,NA,v1,NA,NA
JCB-PRM,2020-11-02,2020-11-02T20:39:35Z,NA,NA,v1,NA,NA
JCB-PRM,2020-11-09,2020-11-09T15:19:45Z,NA,NA,v1,NA,NA
JHUAPL-Bucky,2020-08-31,2020-08-31T21:28:49Z,NA,NA,v1,NA,NA
JHUAPL-Bucky,2020-09-07,2020-09-07T21:49:14Z,NA,NA,v1,NA,NA
JHUAPL-Bucky,2020-09-14,2020-09-14T22:12:26Z,NA,NA,v1,NA,NA
JHUAPL-Bucky,2020-09-21,2020-09-21T21:57:04Z,NA,NA,v1,NA,NA
JHUAPL-Bucky,2020-09-28,2020-09-28T22:56:19Z,NA,NA,v1,NA,NA
JHUAPL-Bucky,2020-10-05,2020-10-06T08:39:37Z,NA,NA,v1,NA,NA
JHUAPL-Bucky,2020-10-12,2020-10-12T22:25:11Z,NA,NA,v1,NA,NA
JHUAPL-Bucky,2020-10-19,2020-10-20T03:09:52Z,NA,NA,v1,NA,NA
JHUAPL-Bucky,2020-10-26,2020-10-26T21:28:28Z,NA,NA,v1,NA,NA
JHUAPL-Bucky,2020-11-02,2020-11-02T20:46:08Z,NA,NA,v1,NA,NA
JHUAPL-Bucky,2020-11-09,2020-11-09T19:52:18Z,NA,NA,v1,NA,NA
JHU_CSSE-DECOM,2020-10-05,2020-10-06T08:35:45Z,2020-10-07T05:19:02Z,NA,v2,20.7213888888889,NA
JHU_CSSE-DECOM,2020-10-19,2020-10-19T23:51:45Z,NA,NA,v1,NA,NA
JHU_CSSE-DECOM,2020-10-25,2020-10-26T22:29:33Z,NA,NA,v1,NA,NA
JHU_CSSE-DECOM,2020-11-01,2020-11-03T00:44:51Z,NA,NA,v1,NA,NA
JHU_CSSE-DECOM,2020-11-08,2020-11-10T03:11:31Z,NA,NA,v1,NA,NA
JHU_IDD-CovidSP,2020-05-17,2020-05-18T21:59:57Z,NA,NA,v1,NA,NA
JHU_IDD-CovidSP,2020-05-24,2020-05-25T21:15:56Z,2020-05-26T17:02:34Z,NA,v2,19.7772222222222,NA
JHU_IDD-CovidSP,2020-05-31,2020-06-01T17:37:41Z,NA,NA,v1,NA,NA
JHU_IDD-CovidSP,2020-06-07,2020-06-08T19:30:18Z,NA,NA,v1,NA,NA
JHU_IDD-CovidSP,2020-06-14,2020-06-15T21:29:45Z,NA,NA,v1,NA,NA
JHU_IDD-CovidSP,2020-06-21,2020-06-23T14:46:04Z,NA,NA,v1,NA,NA
JHU_IDD-CovidSP,2020-06-28,2020-06-29T20:33:05Z,NA,NA,v1,NA,NA
JHU_IDD-CovidSP,2020-07-05,2020-07-07T01:07:51Z,NA,NA,v1,NA,NA
JHU_IDD-CovidSP,2020-07-12,2020-07-13T21:31:06Z,NA,NA,v1,NA,NA
JHU_IDD-CovidSP,2020-07-19,2020-07-21T00:38:55Z,NA,NA,v1,NA,NA
JHU_IDD-CovidSP,2020-07-26,2020-07-28T14:18:45Z,NA,NA,v1,NA,NA
JHU_IDD-CovidSP,2020-08-02,2020-08-03T18:49:46Z,NA,NA,v1,NA,NA
JHU_IDD-CovidSP,2020-08-09,2020-08-10T18:11:10Z,NA,NA,v1,NA,NA
JHU_IDD-CovidSP,2020-08-16,2020-08-17T21:49:55Z,NA,NA,v1,NA,NA
JHU_IDD-CovidSP,2020-08-23,2020-08-24T22:18:30Z,NA,NA,v1,NA,NA
JHU_IDD-CovidSP,2020-08-30,2020-08-31T21:20:13Z,NA,NA,v1,NA,NA
JHU_IDD-CovidSP,2020-09-06,2020-09-07T21:27:12Z,NA,NA,v1,NA,NA
JHU_IDD-CovidSP,2020-09-13,2020-09-14T22:00:37Z,2020-10-06T08:54:52Z,NA,v2,514.904166666667,NA
JHU_IDD-CovidSP,2020-09-20,2020-09-21T18:46:01Z,2020-10-06T08:54:52Z,NA,v2,350.1475,NA
JHU_IDD-CovidSP,2020-09-27,2020-09-28T21:48:16Z,2020-10-06T08:54:52Z,NA,v2,179.11,NA
JHU_IDD-CovidSP,2020-10-04,2020-10-06T08:54:52Z,NA,NA,v1,NA,NA
JHU_IDD-CovidSP,2020-10-11,2020-10-12T21:12:41Z,NA,NA,v1,NA,NA
JHU_IDD-CovidSP,2020-10-18,2020-10-20T03:15:34Z,NA,NA,v1,NA,NA
JHU_IDD-CovidSP,2020-10-25,2020-10-26T18:15:10Z,NA,NA,v1,NA,NA
JHU_IDD-CovidSP,2020-11-01,2020-11-02T20:54:37Z,NA,NA,v1,NA,NA
JHU_IDD-CovidSP,2020-11-08,2020-11-09T23:24:12Z,NA,NA,v1,NA,NA
JHU_UNC_GAS-StatMechPool,2020-10-25,2020-10-28T21:08:48Z,NA,NA,v1,NA,NA
JHU_UNC_GAS-StatMechPool,2020-11-01,2020-11-02T22:53:20Z,NA,NA,v1,NA,NA
JHU_UNC_GAS-StatMechPool,2020-11-08,2020-11-09T23:15:06Z,NA,NA,v1,NA,NA
Karlen-pypm,2020-07-20,2020-07-21T16:58:12Z,2020-07-21T22:52:15Z,2020-07-21T22:52:54Z,v3,5.90083333333333,0.0108333333333333
Karlen-pypm,2020-07-26,2020-07-27T16:54:15Z,2020-07-28T20:07:58Z,NA,v2,27.2286111111111,NA
Karlen-pypm,2020-08-02,2020-08-03T08:37:27Z,NA,NA,v1,NA,NA
Karlen-pypm,2020-08-09,2020-08-10T06:26:22Z,NA,NA,v1,NA,NA
Karlen-pypm,2020-08-16,2020-08-16T23:28:04Z,NA,NA,v1,NA,NA
Karlen-pypm,2020-08-23,2020-08-24T00:49:55Z,NA,NA,v1,NA,NA
Karlen-pypm,2020-08-30,2020-08-31T07:21:53Z,NA,NA,v1,NA,NA
Karlen-pypm,2020-09-06,2020-09-07T06:04:23Z,NA,NA,v1,NA,NA
Karlen-pypm,2020-09-13,2020-09-14T04:15:14Z,NA,NA,v1,NA,NA
Karlen-pypm,2020-09-20,2020-09-21T01:52:19Z,NA,NA,v1,NA,NA
Karlen-pypm,2020-09-27,2020-09-28T05:28:16Z,NA,NA,v1,NA,NA
Karlen-pypm,2020-10-04,2020-10-05T01:57:09Z,NA,NA,v1,NA,NA
Karlen-pypm,2020-10-11,2020-10-12T11:17:31Z,NA,NA,v1,NA,NA
Karlen-pypm,2020-10-18,2020-10-19T01:05:31Z,NA,NA,v1,NA,NA
Karlen-pypm,2020-10-25,2020-10-26T06:32:34Z,NA,NA,v1,NA,NA
Karlen-pypm,2020-11-01,2020-11-01T20:42:13Z,NA,NA,v1,NA,NA
Karlen-pypm,2020-11-08,2020-11-09T03:21:43Z,NA,NA,v1,NA,NA
LANL-GrowthRate,2020-05-03,2020-05-04T23:42:17Z,NA,NA,v1,NA,NA
LANL-GrowthRate,2020-05-04,2020-05-16T00:45:37Z,NA,NA,v1,NA,NA
LANL-GrowthRate,2020-05-07,2020-05-10T19:51:29Z,2020-05-11T14:55:20Z,2020-05-16T00:45:37Z,v3,19.0641666666667,105.838055555556
LANL-GrowthRate,2020-05-11,2020-05-11T20:19:44Z,2020-05-15T01:19:02Z,NA,v2,76.9883333333333,NA
LANL-GrowthRate,2020-05-14,2020-05-15T01:19:02Z,NA,NA,v1,NA,NA
LANL-GrowthRate,2020-05-18,2020-05-18T21:50:39Z,NA,NA,v1,NA,NA
LANL-GrowthRate,2020-05-21,2020-05-22T00:37:47Z,NA,NA,v1,NA,NA
LANL-GrowthRate,2020-05-24,2020-05-25T13:16:14Z,NA,NA,v1,NA,NA
LANL-GrowthRate,2020-05-25,2020-05-25T21:04:00Z,NA,NA,v1,NA,NA
LANL-GrowthRate,2020-05-28,2020-05-29T12:04:20Z,NA,NA,v1,NA,NA
LANL-GrowthRate,2020-06-01,2020-06-01T21:39:36Z,NA,NA,v1,NA,NA
LANL-GrowthRate,2020-06-04,2020-06-08T15:52:26Z,NA,NA,v1,NA,NA
LANL-GrowthRate,2020-06-08,2020-06-08T21:53:18Z,NA,NA,v1,NA,NA
LANL-GrowthRate,2020-06-11,2020-06-11T23:59:58Z,NA,NA,v1,NA,NA
LANL-GrowthRate,2020-06-14,2020-06-15T21:14:17Z,2020-06-16T19:01:22Z,NA,v2,21.7847222222222,NA
LANL-GrowthRate,2020-06-18,2020-06-19T11:36:49Z,NA,NA,v1,NA,NA
LANL-GrowthRate,2020-06-21,2020-06-22T21:14:49Z,NA,NA,v1,NA,NA
LANL-GrowthRate,2020-06-24,2020-06-26T17:30:32Z,NA,NA,v1,NA,NA
LANL-GrowthRate,2020-06-29,2020-06-29T22:09:58Z,NA,NA,v1,NA,NA
LANL-GrowthRate,2020-07-02,2020-07-03T03:45:11Z,NA,NA,v1,NA,NA
LANL-GrowthRate,2020-07-03,2020-07-06T22:52:00Z,NA,NA,v1,NA,NA
LANL-GrowthRate,2020-07-06,2020-07-06T22:52:00Z,NA,NA,v1,NA,NA
LANL-GrowthRate,2020-07-09,2020-07-13T17:49:19Z,NA,NA,v1,NA,NA
LANL-GrowthRate,2020-07-13,2020-07-13T20:50:24Z,NA,NA,v1,NA,NA
LANL-GrowthRate,2020-07-16,2020-07-17T14:23:45Z,NA,NA,v1,NA,NA
LANL-GrowthRate,2020-07-20,2020-07-20T20:14:12Z,NA,NA,v1,NA,NA
LANL-GrowthRate,2020-07-23,2020-07-24T20:22:15Z,NA,NA,v1,NA,NA
LANL-GrowthRate,2020-07-27,2020-07-27T22:35:07Z,NA,NA,v1,NA,NA
LANL-GrowthRate,2020-07-30,2020-07-31T03:40:03Z,NA,NA,v1,NA,NA
LANL-GrowthRate,2020-08-03,2020-08-03T22:12:10Z,NA,NA,v1,NA,NA
LANL-GrowthRate,2020-08-06,2020-08-06T22:34:48Z,NA,NA,v1,NA,NA
LANL-GrowthRate,2020-08-10,2020-08-10T18:39:55Z,NA,NA,v1,NA,NA
LANL-GrowthRate,2020-08-13,2020-08-14T05:08:47Z,NA,NA,v1,NA,NA
LANL-GrowthRate,2020-08-17,2020-08-17T21:50:19Z,NA,NA,v1,NA,NA
LANL-GrowthRate,2020-08-20,2020-08-21T00:31:05Z,NA,NA,v1,NA,NA
LANL-GrowthRate,2020-08-24,2020-08-24T20:24:04Z,NA,NA,v1,NA,NA
LANL-GrowthRate,2020-08-27,2020-08-28T06:26:51Z,NA,NA,v1,NA,NA
LANL-GrowthRate,2020-08-31,2020-08-31T21:19:33Z,NA,NA,v1,NA,NA
LANL-GrowthRate,2020-09-03,2020-09-04T04:40:57Z,NA,NA,v1,NA,NA
LANL-GrowthRate,2020-09-07,2020-09-07T17:31:33Z,NA,NA,v1,NA,NA
LANL-GrowthRate,2020-09-10,2020-09-11T14:31:33Z,NA,NA,v1,NA,NA
LANL-GrowthRate,2020-09-14,2020-09-14T21:59:23Z,NA,NA,v1,NA,NA
LANL-GrowthRate,2020-09-17,2020-09-18T03:58:28Z,NA,NA,v1,NA,NA
LANL-GrowthRate,2020-09-21,2020-09-21T22:00:48Z,NA,NA,v1,NA,NA
LANL-GrowthRate,2020-09-24,2020-09-25T06:47:05Z,NA,NA,v1,NA,NA
LANL-GrowthRate,2020-09-28,2020-09-28T21:36:44Z,NA,NA,v1,NA,NA
LANL-GrowthRate,2020-10-01,2020-10-02T06:47:51Z,NA,NA,v1,NA,NA
LANL-GrowthRate,2020-10-05,2020-10-06T08:43:20Z,NA,NA,v1,NA,NA
LANL-GrowthRate,2020-10-08,2020-10-09T07:07:52Z,NA,NA,v1,NA,NA
LANL-GrowthRate,2020-10-12,2020-10-12T21:13:13Z,NA,NA,v1,NA,NA
LANL-GrowthRate,2020-10-15,2020-10-16T04:34:34Z,NA,NA,v1,NA,NA
LANL-GrowthRate,2020-10-19,2020-10-20T03:16:17Z,NA,NA,v1,NA,NA
LANL-GrowthRate,2020-10-22,2020-10-23T05:29:26Z,NA,NA,v1,NA,NA
LANL-GrowthRate,2020-10-26,2020-10-26T21:26:30Z,NA,NA,v1,NA,NA
LANL-GrowthRate,2020-10-29,2020-10-30T12:46:26Z,NA,NA,v1,NA,NA
LANL-GrowthRate,2020-11-02,2020-11-02T22:51:01Z,NA,NA,v1,NA,NA
LANL-GrowthRate,2020-11-04,2020-11-04T21:07:20Z,NA,NA,v1,NA,NA
LANL-GrowthRate,2020-11-05,2020-11-08T19:00:02Z,NA,NA,v1,NA,NA
LANL-GrowthRate,2020-11-09,2020-11-09T19:56:40Z,NA,NA,v1,NA,NA
LNQ-ens1,2020-07-12,2020-07-15T20:58:03Z,NA,NA,v1,NA,NA
LNQ-ens1,2020-07-19,2020-07-21T00:34:44Z,NA,NA,v1,NA,NA
LNQ-ens1,2020-07-26,2020-07-27T22:32:59Z,NA,NA,v1,NA,NA
LNQ-ens1,2020-08-02,2020-08-03T17:25:09Z,NA,NA,v1,NA,NA
LNQ-ens1,2020-08-09,2020-08-10T16:59:19Z,NA,NA,v1,NA,NA
LNQ-ens1,2020-08-16,2020-08-17T21:41:37Z,NA,NA,v1,NA,NA
LNQ-ens1,2020-08-23,2020-08-24T19:50:39Z,NA,NA,v1,NA,NA
LNQ-ens1,2020-08-30,2020-08-31T21:46:28Z,NA,NA,v1,NA,NA
LNQ-ens1,2020-09-06,2020-09-07T21:29:36Z,NA,NA,v1,NA,NA
LNQ-ens1,2020-09-13,2020-09-14T22:04:41Z,NA,NA,v1,NA,NA
LNQ-ens1,2020-09-20,2020-09-21T21:59:21Z,NA,NA,v1,NA,NA
LNQ-ens1,2020-09-27,2020-09-28T22:39:29Z,NA,NA,v1,NA,NA
LNQ-ens1,2020-10-04,2020-10-06T08:42:50Z,NA,NA,v1,NA,NA
LNQ-ens1,2020-10-11,2020-10-12T21:12:16Z,NA,NA,v1,NA,NA
LNQ-ens1,2020-10-18,2020-10-20T03:09:04Z,NA,NA,v1,NA,NA
LNQ-ens1,2020-10-25,2020-10-26T21:26:07Z,NA,NA,v1,NA,NA
LNQ-ens1,2020-11-01,2020-11-02T23:10:38Z,NA,NA,v1,NA,NA
LNQ-ens1,2020-11-08,2020-11-09T22:42:32Z,NA,NA,v1,NA,NA
MITCovAlliance-SIR,2020-06-18,2020-07-15T20:58:03Z,NA,NA,v1,NA,NA
MITCovAlliance-SIR,2020-06-28,2020-07-15T20:58:03Z,NA,NA,v1,NA,NA
MITCovAlliance-SIR,2020-07-05,2020-07-15T20:58:03Z,NA,NA,v1,NA,NA
MITCovAlliance-SIR,2020-07-12,2020-07-15T20:58:03Z,NA,NA,v1,NA,NA
MITCovAlliance-SIR,2020-07-19,2020-07-20T15:20:18Z,NA,NA,v1,NA,NA
MITCovAlliance-SIR,2020-07-26,2020-07-27T16:56:23Z,NA,NA,v1,NA,NA
MITCovAlliance-SIR,2020-08-03,2020-08-03T20:38:00Z,NA,NA,v1,NA,NA
MITCovAlliance-SIR,2020-08-17,2020-08-17T21:49:17Z,NA,NA,v1,NA,NA
MITCovAlliance-SIR,2020-08-31,2020-08-31T21:47:17Z,NA,NA,v1,NA,NA
MITCovAlliance-SIR,2020-09-06,2020-09-07T15:03:50Z,NA,NA,v1,NA,NA
MITCovAlliance-SIR,2020-09-13,2020-09-14T15:29:17Z,NA,NA,v1,NA,NA
MITCovAlliance-SIR,2020-09-21,2020-09-21T22:05:27Z,NA,NA,v1,NA,NA
MITCovAlliance-SIR,2020-09-28,2020-09-28T21:19:49Z,NA,NA,v1,NA,NA
MITCovAlliance-SIR,2020-10-12,2020-10-12T22:24:29Z,NA,NA,v1,NA,NA
MITCovAlliance-SIR,2020-10-19,2020-10-20T03:08:13Z,NA,NA,v1,NA,NA
MITCovAlliance-SIR,2020-10-26,2020-10-26T21:28:51Z,NA,NA,v1,NA,NA
MIT_CritData-GBCF,2020-09-06,2020-09-07T13:27:38Z,NA,NA,v1,NA,NA
MIT_CritData-GBCF,2020-09-13,2020-09-14T12:58:13Z,NA,NA,v1,NA,NA
MIT_CritData-GBCF,2020-09-20,2020-09-21T13:06:42Z,NA,NA,v1,NA,NA
MIT_CritData-GBCF,2020-09-27,2020-09-28T13:39:38Z,NA,NA,v1,NA,NA
MIT_CritData-GBCF,2020-10-04,2020-10-12T14:29:19Z,NA,NA,v1,NA,NA
MIT_CritData-GBCF,2020-10-11,2020-10-12T14:29:19Z,NA,NA,v1,NA,NA
MIT_CritData-GBCF,2020-10-18,2020-10-19T14:02:44Z,NA,NA,v1,NA,NA
MIT_CritData-GBCF,2020-10-25,2020-10-26T13:47:28Z,NA,NA,v1,NA,NA
MIT_CritData-GBCF,2020-11-01,2020-11-02T13:49:30Z,NA,NA,v1,NA,NA
MIT_CritData-GBCF,2020-11-08,2020-11-09T13:55:56Z,NA,NA,v1,NA,NA
MOBS-GLEAM_COVID,2020-05-04,2020-07-15T20:58:03Z,NA,NA,v1,NA,NA
MOBS-GLEAM_COVID,2020-05-11,2020-07-15T20:58:03Z,NA,NA,v1,NA,NA
MOBS-GLEAM_COVID,2020-05-18,2020-07-15T20:58:03Z,NA,NA,v1,NA,NA
MOBS-GLEAM_COVID,2020-05-25,2020-07-15T20:58:03Z,NA,NA,v1,NA,NA
MOBS-GLEAM_COVID,2020-06-01,2020-07-15T20:58:03Z,NA,NA,v1,NA,NA
MOBS-GLEAM_COVID,2020-06-08,2020-07-15T20:58:03Z,NA,NA,v1,NA,NA
MOBS-GLEAM_COVID,2020-06-15,2020-07-15T20:58:03Z,NA,NA,v1,NA,NA
MOBS-GLEAM_COVID,2020-06-22,2020-07-15T20:58:03Z,NA,NA,v1,NA,NA
MOBS-GLEAM_COVID,2020-06-29,2020-07-15T20:58:03Z,NA,NA,v1,NA,NA
MOBS-GLEAM_COVID,2020-07-06,2020-07-15T20:58:03Z,NA,NA,v1,NA,NA
MOBS-GLEAM_COVID,2020-07-13,2020-07-15T20:58:03Z,NA,NA,v1,NA,NA
MOBS-GLEAM_COVID,2020-07-20,2020-07-21T11:16:47Z,NA,NA,v1,NA,NA
MOBS-GLEAM_COVID,2020-07-27,2020-07-27T22:40:24Z,NA,NA,v1,NA,NA
MOBS-GLEAM_COVID,2020-08-03,2020-08-03T22:41:45Z,2020-08-13T01:59:25Z,NA,v2,219.294444444444,NA
MOBS-GLEAM_COVID,2020-08-10,2020-08-10T22:33:24Z,2020-08-13T01:59:25Z,NA,v2,51.4336111111111,NA
MOBS-GLEAM_COVID,2020-08-17,2020-08-17T21:53:42Z,NA,NA,v1,NA,NA
MOBS-GLEAM_COVID,2020-08-24,2020-08-24T22:20:50Z,NA,NA,v1,NA,NA
MOBS-GLEAM_COVID,2020-08-31,2020-08-31T21:45:07Z,NA,NA,v1,NA,NA
MOBS-GLEAM_COVID,2020-09-07,2020-09-07T17:31:11Z,NA,NA,v1,NA,NA
MOBS-GLEAM_COVID,2020-09-14,2020-09-14T22:14:17Z,NA,NA,v1,NA,NA
MOBS-GLEAM_COVID,2020-09-21,2020-09-21T22:05:54Z,2020-09-28T15:05:16Z,NA,v2,160.989444444444,NA
MOBS-GLEAM_COVID,2020-09-28,2020-09-28T21:07:21Z,NA,NA,v1,NA,NA
MOBS-GLEAM_COVID,2020-10-05,2020-10-06T08:41:23Z,NA,NA,v1,NA,NA
MOBS-GLEAM_COVID,2020-10-12,2020-10-12T22:13:15Z,NA,NA,v1,NA,NA
MOBS-GLEAM_COVID,2020-10-19,2020-10-19T23:53:39Z,NA,NA,v1,NA,NA
MOBS-GLEAM_COVID,2020-10-26,2020-10-26T22:34:17Z,NA,NA,v1,NA,NA
MOBS-GLEAM_COVID,2020-11-02,2020-11-02T23:20:43Z,NA,NA,v1,NA,NA
MOBS-GLEAM_COVID,2020-11-09,2020-11-09T23:00:52Z,NA,NA,v1,NA,NA
MSRA-DeepST,2020-10-12,2020-10-12T14:49:23Z,NA,NA,v1,NA,NA
MSRA-DeepST,2020-10-19,2020-10-19T14:03:25Z,2020-10-20T03:17:48Z,NA,v2,13.2397222222222,NA
MSRA-DeepST,2020-10-26,2020-10-27T02:34:56Z,NA,NA,v1,NA,NA
MSRA-DeepST,2020-11-02,2020-11-03T04:29:43Z,NA,NA,v1,NA,NA
MSRA-DeepST,2020-11-09,2020-11-09T16:35:43Z,NA,NA,v1,NA,NA
NotreDame-FRED,2020-05-04,2020-05-04T20:04:12Z,NA,NA,v1,NA,NA
NotreDame-FRED,2020-05-11,2020-05-11T20:47:55Z,NA,NA,v1,NA,NA
NotreDame-FRED,2020-05-18,2020-05-18T21:59:34Z,NA,NA,v1,NA,NA
NotreDame-FRED,2020-05-25,2020-05-25T21:05:28Z,NA,NA,v1,NA,NA
NotreDame-FRED,2020-06-01,2020-06-01T20:30:13Z,NA,NA,v1,NA,NA
NotreDame-FRED,2020-06-08,2020-06-08T22:14:55Z,NA,NA,v1,NA,NA
NotreDame-FRED,2020-06-15,2020-06-15T21:24:39Z,NA,NA,v1,NA,NA
NotreDame-FRED,2020-06-22,2020-06-22T21:23:23Z,NA,NA,v1,NA,NA
NotreDame-FRED,2020-06-29,2020-06-29T20:01:29Z,NA,NA,v1,NA,NA
NotreDame-FRED,2020-07-06,2020-07-07T01:08:10Z,NA,NA,v1,NA,NA
NotreDame-FRED,2020-07-13,2020-07-14T01:13:01Z,NA,NA,v1,NA,NA
NotreDame-FRED,2020-07-20,2020-07-20T21:20:03Z,NA,NA,v1,NA,NA
NotreDame-FRED,2020-07-27,2020-07-27T22:34:37Z,NA,NA,v1,NA,NA
NotreDame-FRED,2020-08-03,2020-08-03T22:11:50Z,NA,NA,v1,NA,NA
NotreDame-FRED,2020-08-10,2020-08-10T22:37:58Z,NA,NA,v1,NA,NA
NotreDame-FRED,2020-08-17,2020-08-18T01:43:07Z,NA,NA,v1,NA,NA
NotreDame-FRED,2020-08-24,2020-08-24T18:15:17Z,NA,NA,v1,NA,NA
NotreDame-FRED,2020-08-31,2020-09-01T01:08:11Z,NA,NA,v1,NA,NA
NotreDame-FRED,2020-09-07,2020-09-08T02:57:43Z,NA,NA,v1,NA,NA
NotreDame-FRED,2020-09-14,2020-09-15T14:47:55Z,NA,NA,v1,NA,NA
NotreDame-FRED,2020-09-21,2020-09-21T15:51:05Z,NA,NA,v1,NA,NA
NotreDame-FRED,2020-09-28,2020-09-28T21:08:53Z,NA,NA,v1,NA,NA
NotreDame-FRED,2020-10-05,2020-10-06T08:34:03Z,NA,NA,v1,NA,NA
NotreDame-FRED,2020-10-12,2020-10-12T22:13:44Z,NA,NA,v1,NA,NA
NotreDame-FRED,2020-10-19,2020-10-20T03:07:41Z,NA,NA,v1,NA,NA
NotreDame-FRED,2020-10-26,2020-10-27T17:53:07Z,NA,NA,v1,NA,NA
NotreDame-FRED,2020-11-02,2020-11-03T01:59:08Z,NA,NA,v1,NA,NA
NotreDame-FRED,2020-11-09,2020-11-10T16:34:30Z,NA,NA,v1,NA,NA
NotreDame-mobility,2020-06-22,2020-06-22T22:48:26Z,NA,NA,v1,NA,NA
NotreDame-mobility,2020-06-29,2020-06-29T19:12:27Z,NA,NA,v1,NA,NA
NotreDame-mobility,2020-07-06,2020-07-07T01:03:47Z,NA,NA,v1,NA,NA
NotreDame-mobility,2020-07-13,2020-07-13T21:32:34Z,NA,NA,v1,NA,NA
NotreDame-mobility,2020-07-20,2020-07-20T20:16:03Z,NA,NA,v1,NA,NA
NotreDame-mobility,2020-07-27,2020-07-27T22:26:51Z,NA,NA,v1,NA,NA
NotreDame-mobility,2020-08-03,2020-08-03T22:12:37Z,NA,NA,v1,NA,NA
NotreDame-mobility,2020-08-10,2020-08-10T19:23:53Z,NA,NA,v1,NA,NA
NotreDame-mobility,2020-08-17,2020-08-18T01:42:22Z,NA,NA,v1,NA,NA
NotreDame-mobility,2020-08-24,2020-08-24T18:15:56Z,NA,NA,v1,NA,NA
NotreDame-mobility,2020-08-31,2020-08-31T21:26:33Z,NA,NA,v1,NA,NA
NotreDame-mobility,2020-09-06,2020-09-07T06:03:54Z,NA,NA,v1,NA,NA
NotreDame-mobility,2020-09-14,2020-09-14T21:48:41Z,NA,NA,v1,NA,NA
NotreDame-mobility,2020-09-21,2020-09-21T21:54:47Z,NA,NA,v1,NA,NA
NotreDame-mobility,2020-09-28,2020-09-28T21:17:02Z,NA,NA,v1,NA,NA
NotreDame-mobility,2020-10-05,2020-10-06T08:45:15Z,NA,NA,v1,NA,NA
NotreDame-mobility,2020-10-12,2020-10-12T22:12:45Z,NA,NA,v1,NA,NA
NotreDame-mobility,2020-10-19,2020-10-20T03:14:40Z,NA,NA,v1,NA,NA
NotreDame-mobility,2020-10-26,2020-10-26T16:32:58Z,NA,NA,v1,NA,NA
NotreDame-mobility,2020-11-02,2020-11-02T19:09:54Z,NA,NA,v1,NA,NA
NotreDame-mobility,2020-11-09,2020-11-09T17:04:47Z,NA,NA,v1,NA,NA
OliverWyman-Navigator,2020-06-07,2020-06-13T22:09:55Z,NA,NA,v1,NA,NA
OliverWyman-Navigator,2020-06-14,2020-06-15T18:58:00Z,NA,NA,v1,NA,NA
OliverWyman-Navigator,2020-06-21,2020-06-22T19:32:02Z,NA,NA,v1,NA,NA
OliverWyman-Navigator,2020-06-28,2020-06-29T20:29:01Z,NA,NA,v1,NA,NA
OliverWyman-Navigator,2020-07-05,2020-07-07T01:05:34Z,NA,NA,v1,NA,NA
OliverWyman-Navigator,2020-07-12,2020-07-13T20:51:00Z,NA,NA,v1,NA,NA
OliverWyman-Navigator,2020-07-19,2020-07-20T20:47:32Z,NA,NA,v1,NA,NA
OliverWyman-Navigator,2020-07-26,2020-07-27T22:43:48Z,NA,NA,v1,NA,NA
OliverWyman-Navigator,2020-08-02,2020-08-03T22:10:45Z,NA,NA,v1,NA,NA
OliverWyman-Navigator,2020-08-09,2020-08-10T22:35:58Z,NA,NA,v1,NA,NA
OliverWyman-Navigator,2020-08-16,2020-08-17T21:54:14Z,NA,NA,v1,NA,NA
OliverWyman-Navigator,2020-08-23,2020-08-24T22:20:05Z,NA,NA,v1,NA,NA
OliverWyman-Navigator,2020-08-30,2020-08-31T21:18:11Z,NA,NA,v1,NA,NA
OliverWyman-Navigator,2020-09-06,2020-09-07T21:31:30Z,NA,NA,v1,NA,NA
OliverWyman-Navigator,2020-09-13,2020-09-14T21:46:17Z,NA,NA,v1,NA,NA
OliverWyman-Navigator,2020-09-20,2020-09-21T22:00:18Z,NA,NA,v1,NA,NA
OliverWyman-Navigator,2020-09-27,2020-09-28T21:06:37Z,NA,NA,v1,NA,NA
OliverWyman-Navigator,2020-10-04,2020-10-06T08:50:10Z,NA,NA,v1,NA,NA
OliverWyman-Navigator,2020-10-11,2020-10-12T22:17:49Z,NA,NA,v1,NA,NA
OliverWyman-Navigator,2020-10-18,2020-10-20T03:12:39Z,NA,NA,v1,NA,NA
OliverWyman-Navigator,2020-10-25,2020-10-26T22:36:52Z,NA,NA,v1,NA,NA
OliverWyman-Navigator,2020-11-01,2020-11-02T19:13:02Z,NA,NA,v1,NA,NA
OliverWyman-Navigator,2020-11-08,2020-11-09T19:55:28Z,NA,NA,v1,NA,NA
PandemicCentral-USCounty,2020-08-05,2020-08-10T13:59:11Z,NA,NA,v1,NA,NA
PandemicCentral-USCounty,2020-08-08,2020-08-11T05:58:44Z,NA,NA,v1,NA,NA
PandemicCentral-USCounty,2020-08-21,2020-08-24T17:29:16Z,NA,NA,v1,NA,NA
PandemicCentral-USCounty,2020-08-25,2020-08-26T19:32:06Z,NA,NA,v1,NA,NA
PandemicCentral-USCounty,2020-08-31,2020-09-01T07:00:18Z,NA,NA,v1,NA,NA
PandemicCentral-USCounty,2020-09-07,2020-09-08T23:04:11Z,NA,NA,v1,NA,NA
PandemicCentral-USCounty,2020-09-14,2020-09-14T06:36:49Z,NA,NA,v1,NA,NA
PandemicCentral-USCounty,2020-09-21,2020-09-21T06:55:37Z,NA,NA,v1,NA,NA
PandemicCentral-USCounty,2020-09-28,2020-09-28T09:03:20Z,NA,NA,v1,NA,NA
PandemicCentral-USCounty,2020-10-05,2020-10-05T08:37:30Z,NA,NA,v1,NA,NA
PandemicCentral-USCounty,2020-10-12,2020-10-12T11:18:41Z,NA,NA,v1,NA,NA
PandemicCentral-USCounty,2020-10-19,2020-10-19T07:34:59Z,NA,NA,v1,NA,NA
PandemicCentral-USCounty,2020-10-26,2020-10-26T12:48:41Z,NA,NA,v1,NA,NA
PandemicCentral-USCounty,2020-11-02,2020-11-02T08:19:21Z,NA,NA,v1,NA,NA
PandemicCentral-USCounty,2020-11-09,2020-11-09T13:57:40Z,NA,NA,v1,NA,NA
PSI-DRAFT,2020-05-18,2020-05-19T00:40:13Z,2020-05-26T23:39:47Z,NA,v2,190.992777777778,NA
PSI-DRAFT,2020-05-25,2020-05-25T21:05:07Z,2020-05-26T23:39:47Z,NA,v2,26.5777777777778,NA
PSI-DRAFT,2020-06-01,2020-06-01T20:50:39Z,NA,NA,v1,NA,NA
PSI-DRAFT,2020-06-08,2020-06-08T21:55:15Z,NA,NA,v1,NA,NA
PSI-DRAFT,2020-06-15,2020-06-15T20:38:16Z,NA,NA,v1,NA,NA
PSI-DRAFT,2020-06-22,2020-06-22T21:27:30Z,NA,NA,v1,NA,NA
PSI-DRAFT,2020-06-29,2020-06-29T21:13:28Z,NA,NA,v1,NA,NA
PSI-DRAFT,2020-07-06,2020-07-07T01:04:15Z,NA,NA,v1,NA,NA
PSI-DRAFT,2020-07-13,2020-07-13T23:53:19Z,NA,NA,v1,NA,NA
PSI-DRAFT,2020-07-20,2020-07-20T21:20:38Z,NA,NA,v1,NA,NA
PSI-DRAFT,2020-07-27,2020-07-28T00:45:38Z,NA,NA,v1,NA,NA
PSI-DRAFT,2020-08-03,2020-08-03T20:38:38Z,NA,NA,v1,NA,NA
PSI-DRAFT,2020-08-10,2020-08-10T19:08:09Z,NA,NA,v1,NA,NA
PSI-DRAFT,2020-08-17,2020-08-17T18:44:34Z,NA,NA,v1,NA,NA
PSI-DRAFT,2020-08-24,2020-08-24T19:51:19Z,NA,NA,v1,NA,NA
PSI-DRAFT,2020-08-31,2020-08-31T19:13:42Z,NA,NA,v1,NA,NA
PSI-DRAFT,2020-09-07,2020-09-07T22:22:18Z,NA,NA,v1,NA,NA
PSI-DRAFT,2020-09-14,2020-09-14T21:44:40Z,NA,NA,v1,NA,NA
PSI-DRAFT,2020-09-21,2020-09-21T21:55:16Z,NA,NA,v1,NA,NA
PSI-DRAFT,2020-09-28,2020-09-28T21:17:35Z,NA,NA,v1,NA,NA
PSI-DRAFT,2020-10-05,2020-10-06T08:50:41Z,NA,NA,v1,NA,NA
PSI-DRAFT,2020-10-12,2020-10-12T22:19:14Z,NA,NA,v1,NA,NA
PSI-DRAFT,2020-10-19,2020-10-20T03:13:01Z,NA,NA,v1,NA,NA
PSI-DRAFT,2020-10-26,2020-10-26T18:40:54Z,NA,NA,v1,NA,NA
PSI-DRAFT,2020-11-02,2020-11-02T20:53:25Z,NA,NA,v1,NA,NA
PSI-DRAFT,2020-11-09,2020-11-09T22:44:41Z,NA,NA,v1,NA,NA
QJHong-Encounter,2020-07-01,2020-07-03T03:45:35Z,NA,NA,v1,NA,NA
QJHong-Encounter,2020-07-03,2020-07-05T12:13:29Z,NA,NA,v1,NA,NA
QJHong-Encounter,2020-07-08,2020-07-13T17:48:50Z,NA,NA,v1,NA,NA
QJHong-Encounter,2020-07-10,2020-07-13T19:46:39Z,NA,NA,v1,NA,NA
QJHong-Encounter,2020-07-11,2020-07-13T19:47:23Z,NA,NA,v1,NA,NA
QJHong-Encounter,2020-07-18,2020-07-19T15:13:08Z,NA,NA,v1,NA,NA
QJHong-Encounter,2020-07-25,2020-07-26T22:50:50Z,NA,NA,v1,NA,NA
QJHong-Encounter,2020-07-27,2020-07-28T03:58:05Z,NA,NA,v1,NA,NA
QJHong-Encounter,2020-08-03,2020-08-04T01:56:33Z,NA,NA,v1,NA,NA
QJHong-Encounter,2020-08-10,2020-08-10T17:00:16Z,NA,NA,v1,NA,NA
QJHong-Encounter,2020-08-17,2020-08-18T01:42:45Z,NA,NA,v1,NA,NA
QJHong-Encounter,2020-08-23,2020-08-24T05:01:15Z,NA,NA,v1,NA,NA
QJHong-Encounter,2020-08-30,2020-08-30T21:45:15Z,NA,NA,v1,NA,NA
QJHong-Encounter,2020-09-06,2020-09-06T21:55:42Z,NA,NA,v1,NA,NA
QJHong-Encounter,2020-09-13,2020-09-14T04:14:50Z,NA,NA,v1,NA,NA
QJHong-Encounter,2020-09-20,2020-09-21T02:14:58Z,NA,NA,v1,NA,NA
QJHong-Encounter,2020-09-27,2020-09-28T05:26:05Z,NA,NA,v1,NA,NA
QJHong-Encounter,2020-10-04,2020-10-05T01:56:36Z,NA,NA,v1,NA,NA
QJHong-Encounter,2020-10-11,2020-10-12T11:16:37Z,NA,NA,v1,NA,NA
QJHong-Encounter,2020-10-18,2020-10-19T02:36:13Z,NA,NA,v1,NA,NA
QJHong-Encounter,2020-10-25,2020-10-26T12:41:50Z,NA,NA,v1,NA,NA
QJHong-Encounter,2020-11-01,2020-11-02T05:35:23Z,NA,NA,v1,NA,NA
QJHong-Encounter,2020-11-08,2020-11-09T01:23:33Z,NA,NA,v1,NA,NA
Quantori-Multiagents,2020-05-08,2020-05-09T14:22:31Z,NA,NA,v1,NA,NA
SteveMcConnell-CovidComplete,2020-08-22,2020-08-23T15:52:15Z,NA,NA,v1,NA,NA
SteveMcConnell-CovidComplete,2020-08-23,2020-08-24T06:15:00Z,NA,NA,v1,NA,NA
SteveMcConnell-CovidComplete,2020-08-24,2020-08-24T22:22:18Z,NA,NA,v1,NA,NA
SteveMcConnell-CovidComplete,2020-08-30,2020-08-31T07:17:12Z,NA,NA,v1,NA,NA
SteveMcConnell-CovidComplete,2020-08-31,2020-08-31T21:17:33Z,NA,NA,v1,NA,NA
SteveMcConnell-CovidComplete,2020-09-07,2020-09-07T18:34:55Z,NA,NA,v1,NA,NA
SteveMcConnell-CovidComplete,2020-09-13,2020-09-14T06:49:48Z,NA,NA,v1,NA,NA
SteveMcConnell-CovidComplete,2020-09-14,2020-09-14T21:58:42Z,NA,NA,v1,NA,NA
SteveMcConnell-CovidComplete,2020-09-21,2020-09-21T18:45:29Z,NA,NA,v1,NA,NA
SteveMcConnell-CovidComplete,2020-09-28,2020-09-28T21:15:02Z,NA,NA,v1,NA,NA
SteveMcConnell-CovidComplete,2020-10-05,2020-10-06T08:48:09Z,NA,NA,v1,NA,NA
SteveMcConnell-CovidComplete,2020-10-12,2020-10-12T22:16:21Z,NA,NA,v1,NA,NA
SteveMcConnell-CovidComplete,2020-10-19,2020-10-20T03:12:06Z,NA,NA,v1,NA,NA
SteveMcConnell-CovidComplete,2020-10-26,2020-10-26T21:25:40Z,NA,NA,v1,NA,NA
SteveMcConnell-CovidComplete,2020-11-02,2020-11-02T20:54:02Z,NA,NA,v1,NA,NA
SteveMcConnell-CovidComplete,2020-11-09,2020-11-09T22:58:11Z,NA,NA,v1,NA,NA
STH-3PU,2020-06-11,2020-06-11T11:49:22Z,2020-06-11T14:36:26Z,NA,v2,2.78444444444444,NA
STH-3PU,2020-06-12,2020-06-12T12:59:22Z,NA,NA,v1,NA,NA
STH-3PU,2020-06-13,2020-06-13T13:51:47Z,NA,NA,v1,NA,NA
STH-3PU,2020-06-14,2020-06-15T13:51:58Z,NA,NA,v1,NA,NA
STH-3PU,2020-06-15,2020-06-15T13:51:58Z,NA,NA,v1,NA,NA
STH-3PU,2020-06-16,2020-06-16T14:18:03Z,NA,NA,v1,NA,NA
STH-3PU,2020-06-17,2020-06-17T12:42:52Z,NA,NA,v1,NA,NA
STH-3PU,2020-06-18,2020-06-18T13:06:33Z,NA,NA,v1,NA,NA
STH-3PU,2020-06-19,2020-06-19T13:16:47Z,NA,NA,v1,NA,NA
STH-3PU,2020-06-20,2020-06-21T20:50:05Z,NA,NA,v1,NA,NA
STH-3PU,2020-06-21,2020-06-22T21:15:58Z,NA,NA,v1,NA,NA
STH-3PU,2020-06-22,2020-06-22T21:15:58Z,NA,NA,v1,NA,NA
STH-3PU,2020-06-23,2020-06-23T12:07:48Z,NA,NA,v1,NA,NA
STH-3PU,2020-06-24,2020-06-24T17:09:28Z,NA,NA,v1,NA,NA
STH-3PU,2020-06-25,2020-06-26T17:50:40Z,NA,NA,v1,NA,NA
STH-3PU,2020-06-26,2020-06-26T17:50:40Z,NA,NA,v1,NA,NA
STH-3PU,2020-06-27,2020-06-27T14:41:58Z,NA,NA,v1,NA,NA
STH-3PU,2020-06-28,2020-06-28T16:07:55Z,NA,NA,v1,NA,NA
STH-3PU,2020-06-29,2020-06-29T12:05:29Z,NA,NA,v1,NA,NA
STH-3PU,2020-06-30,2020-06-30T12:15:55Z,NA,NA,v1,NA,NA
STH-3PU,2020-07-01,2020-07-01T12:18:20Z,NA,NA,v1,NA,NA
STH-3PU,2020-07-02,2020-07-03T03:45:53Z,NA,NA,v1,NA,NA
STH-3PU,2020-07-03,2020-07-03T21:44:03Z,NA,NA,v1,NA,NA
STH-3PU,2020-07-04,2020-07-05T12:13:45Z,NA,NA,v1,NA,NA
STH-3PU,2020-07-05,2020-07-06T23:37:00Z,NA,NA,v1,NA,NA
STH-3PU,2020-07-06,2020-07-06T23:37:00Z,NA,NA,v1,NA,NA
STH-3PU,2020-07-07,2020-07-07T21:22:12Z,NA,NA,v1,NA,NA
STH-3PU,2020-07-08,2020-07-13T15:58:17Z,NA,NA,v1,NA,NA
STH-3PU,2020-07-09,2020-07-13T15:58:17Z,NA,NA,v1,NA,NA
STH-3PU,2020-07-10,2020-07-13T15:58:17Z,NA,NA,v1,NA,NA
STH-3PU,2020-07-11,2020-07-13T15:58:17Z,NA,NA,v1,NA,NA
STH-3PU,2020-07-12,2020-07-13T15:58:17Z,NA,NA,v1,NA,NA
STH-3PU,2020-07-13,2020-07-13T15:58:17Z,NA,NA,v1,NA,NA
STH-3PU,2020-07-14,2020-07-14T15:52:37Z,NA,NA,v1,NA,NA
STH-3PU,2020-07-15,2020-07-19T16:21:06Z,NA,NA,v1,NA,NA
STH-3PU,2020-07-16,2020-07-19T16:21:06Z,NA,NA,v1,NA,NA
STH-3PU,2020-07-17,2020-07-19T16:21:06Z,NA,NA,v1,NA,NA
STH-3PU,2020-07-19,2020-07-20T03:16:35Z,NA,NA,v1,NA,NA
STH-3PU,2020-07-21,2020-07-21T12:26:21Z,NA,NA,v1,NA,NA
STH-3PU,2020-07-22,2020-07-22T10:25:50Z,NA,NA,v1,NA,NA
STH-3PU,2020-07-23,2020-07-23T15:28:24Z,NA,NA,v1,NA,NA
STH-3PU,2020-07-25,2020-07-26T22:54:02Z,NA,NA,v1,NA,NA
STH-3PU,2020-08-01,2020-08-01T16:19:51Z,NA,NA,v1,NA,NA
STH-3PU,2020-08-09,2020-08-09T21:22:32Z,NA,NA,v1,NA,NA
STH-3PU,2020-08-15,2020-08-15T17:58:28Z,NA,NA,v1,NA,NA
STH-3PU,2020-08-16,2020-08-16T18:45:35Z,NA,NA,v1,NA,NA
STH-3PU,2020-08-22,2020-08-22T14:58:04Z,NA,NA,v1,NA,NA
STH-3PU,2020-08-23,2020-08-23T15:47:13Z,NA,NA,v1,NA,NA
STH-3PU,2020-08-30,2020-08-30T21:44:49Z,NA,NA,v1,NA,NA
STH-3PU,2020-09-05,2020-09-05T22:36:12Z,NA,NA,v1,NA,NA
STH-3PU,2020-09-06,2020-09-06T16:55:57Z,NA,NA,v1,NA,NA
STH-3PU,2020-09-12,2020-09-13T16:37:56Z,NA,NA,v1,NA,NA
STH-3PU,2020-09-13,2020-09-14T04:13:18Z,NA,NA,v1,NA,NA
STH-3PU,2020-09-19,2020-09-21T00:05:03Z,NA,NA,v1,NA,NA
STH-3PU,2020-09-21,2020-09-21T12:31:16Z,NA,NA,v1,NA,NA
STH-3PU,2020-09-29,2020-09-29T12:47:48Z,NA,NA,v1,NA,NA
STH-3PU,2020-10-05,2020-10-05T15:23:04Z,NA,NA,v1,NA,NA
STH-3PU,2020-10-12,2020-10-12T14:46:55Z,NA,NA,v1,NA,NA
STH-3PU,2020-10-18,2020-10-18T21:29:56Z,NA,NA,v1,NA,NA
STH-3PU,2020-10-26,2020-10-26T13:46:58Z,NA,NA,v1,NA,NA
STH-3PU,2020-11-01,2020-11-02T00:23:31Z,NA,NA,v1,NA,NA
SWC-TerminusCM,2020-05-25,2020-05-27T00:54:09Z,NA,NA,v1,NA,NA
SWC-TerminusCM,2020-05-29,2020-05-31T13:43:56Z,NA,NA,v1,NA,NA
SWC-TerminusCM,2020-05-30,2020-06-01T15:44:23Z,NA,NA,v1,NA,NA
SWC-TerminusCM,2020-06-07,2020-06-08T16:27:09Z,NA,NA,v1,NA,NA
SWC-TerminusCM,2020-06-15,2020-06-15T19:36:27Z,NA,NA,v1,NA,NA
SWC-TerminusCM,2020-06-29,2020-06-29T23:04:42Z,NA,NA,v1,NA,NA
TTU-squider,2020-08-17,2020-08-18T01:49:21Z,NA,NA,v1,NA,NA
TTU-squider,2020-08-23,2020-08-24T00:37:53Z,NA,NA,v1,NA,NA
TTU-squider,2020-09-13,2020-09-14T04:16:26Z,NA,NA,v1,NA,NA
TTU-squider,2020-09-27,2020-09-27T21:26:24Z,NA,NA,v1,NA,NA
TTU-squider,2020-10-04,2020-10-05T15:25:16Z,NA,NA,v1,NA,NA
TTU-squider,2020-10-11,2020-10-12T11:15:07Z,NA,NA,v1,NA,NA
TTU-squider,2020-10-18,2020-10-19T01:05:59Z,NA,NA,v1,NA,NA
TTU-squider,2020-10-25,2020-10-26T12:18:25Z,NA,NA,v1,NA,NA
TTU-squider,2020-11-01,2020-11-01T20:06:26Z,NA,NA,v1,NA,NA
TTU-squider,2020-11-08,2020-11-08T22:39:19Z,NA,NA,v1,NA,NA
UA-EpiCovDA,2020-05-23,2020-05-25T13:16:45Z,NA,NA,v1,NA,NA
UA-EpiCovDA,2020-05-31,2020-06-01T12:10:24Z,NA,NA,v1,NA,NA
UA-EpiCovDA,2020-06-07,2020-06-08T19:32:00Z,NA,NA,v1,NA,NA
UA-EpiCovDA,2020-06-14,2020-06-15T19:37:06Z,NA,NA,v1,NA,NA
UA-EpiCovDA,2020-06-19,2020-06-22T01:08:00Z,NA,NA,v1,NA,NA
UA-EpiCovDA,2020-06-21,2020-06-22T21:29:43Z,NA,NA,v1,NA,NA
UA-EpiCovDA,2020-06-28,2020-06-29T18:36:04Z,NA,NA,v1,NA,NA
UA-EpiCovDA,2020-07-05,2020-07-07T00:56:39Z,NA,NA,v1,NA,NA
UA-EpiCovDA,2020-07-12,2020-07-13T20:05:48Z,NA,NA,v1,NA,NA
UA-EpiCovDA,2020-07-19,2020-07-20T19:37:41Z,NA,NA,v1,NA,NA
UA-EpiCovDA,2020-07-26,2020-07-27T22:41:32Z,NA,NA,v1,NA,NA
UA-EpiCovDA,2020-08-02,2020-08-03T17:26:00Z,NA,NA,v1,NA,NA
UA-EpiCovDA,2020-08-09,2020-08-11T17:07:13Z,NA,NA,v1,NA,NA
UA-EpiCovDA,2020-08-16,2020-08-17T17:05:16Z,NA,NA,v1,NA,NA
UA-EpiCovDA,2020-08-23,2020-08-24T18:16:26Z,NA,NA,v1,NA,NA
UA-EpiCovDA,2020-08-30,2020-08-31T19:14:03Z,NA,NA,v1,NA,NA
UA-EpiCovDA,2020-09-06,2020-09-07T17:56:49Z,NA,NA,v1,NA,NA
UA-EpiCovDA,2020-09-13,2020-09-14T21:44:16Z,NA,NA,v1,NA,NA
UA-EpiCovDA,2020-09-20,2020-09-21T18:23:41Z,NA,NA,v1,NA,NA
UA-EpiCovDA,2020-09-27,2020-09-28T15:58:26Z,NA,NA,v1,NA,NA
UA-EpiCovDA,2020-10-04,2020-10-05T17:15:34Z,NA,NA,v1,NA,NA
UA-EpiCovDA,2020-10-11,2020-10-12T21:15:27Z,NA,NA,v1,NA,NA
UA-EpiCovDA,2020-10-18,2020-10-20T03:15:57Z,NA,NA,v1,NA,NA
UA-EpiCovDA,2020-10-25,2020-10-26T21:25:12Z,NA,NA,v1,NA,NA
UA-EpiCovDA,2020-11-01,2020-11-02T20:51:01Z,NA,NA,v1,NA,NA
UA-EpiCovDA,2020-11-08,2020-11-09T19:53:37Z,NA,NA,v1,NA,NA
UChicago-CovidIL,2020-05-05,2020-05-21T14:00:41Z,NA,NA,v1,NA,NA
UChicago-CovidIL,2020-05-11,2020-05-21T14:00:41Z,NA,NA,v1,NA,NA
UChicago-CovidIL,2020-05-18,2020-05-21T14:00:41Z,NA,NA,v1,NA,NA
UChicago-CovidIL_100,2020-05-05,2020-05-07T18:01:37Z,NA,NA,v1,NA,NA
UChicago-CovidIL_100,2020-05-11,2020-05-11T16:35:42Z,NA,NA,v1,NA,NA
UChicago-CovidIL_100,2020-05-18,2020-05-18T17:37:54Z,NA,NA,v1,NA,NA
UChicago-CovidIL_10_+,2020-05-18,2020-07-15T20:58:03Z,NA,NA,v1,NA,NA
UChicago-CovidIL_30_+,2020-05-18,2020-07-15T20:58:03Z,NA,NA,v1,NA,NA
UChicago-CovidIL_40,2020-05-05,2020-05-07T18:01:37Z,NA,NA,v1,NA,NA
UChicago-CovidIL_40,2020-05-11,2020-05-11T16:35:42Z,NA,NA,v1,NA,NA
UChicago-CovidIL_60,2020-05-05,2020-05-07T18:01:37Z,NA,NA,v1,NA,NA
UChicago-CovidIL_60,2020-05-11,2020-05-11T16:35:42Z,NA,NA,v1,NA,NA
UChicago-CovidIL_80,2020-05-05,2020-05-07T18:01:37Z,NA,NA,v1,NA,NA
UChicago-CovidIL_80,2020-05-11,2020-05-11T16:35:42Z,NA,NA,v1,NA,NA
UChicagoCHATTOPADHYAY-UnIT,2020-11-08,2020-11-09T19:51:06Z,NA,NA,v1,NA,NA
UCLA-SuEIR,2020-05-01,2020-05-03T22:51:19Z,2020-05-04T14:19:09Z,NA,v2,15.4638888888889,NA
UCLA-SuEIR,2020-05-10,2020-05-11T13:52:04Z,2020-05-11T19:23:45Z,NA,v2,5.52805555555556,NA
UCLA-SuEIR,2020-05-17,2020-05-18T13:28:16Z,NA,NA,v1,NA,NA
UCLA-SuEIR,2020-05-24,2020-05-25T13:17:15Z,NA,NA,v1,NA,NA
UCLA-SuEIR,2020-05-31,2020-06-01T12:09:06Z,NA,NA,v1,NA,NA
UCLA-SuEIR,2020-06-07,2020-06-08T16:16:20Z,2020-06-08T21:52:11Z,NA,v2,5.5975,NA
UCLA-SuEIR,2020-06-14,2020-06-15T08:27:37Z,NA,NA,v1,NA,NA
UCLA-SuEIR,2020-06-21,2020-06-22T17:14:19Z,NA,NA,v1,NA,NA
UCLA-SuEIR,2020-06-28,2020-06-29T20:28:39Z,NA,NA,v1,NA,NA
UCLA-SuEIR,2020-07-05,2020-07-07T00:55:43Z,2020-07-07T23:12:33Z,NA,v2,22.2805555555556,NA
UCLA-SuEIR,2020-07-12,2020-07-13T20:02:25Z,NA,NA,v1,NA,NA
UCLA-SuEIR,2020-07-19,2020-07-20T18:00:13Z,2020-07-22T12:41:03Z,NA,v2,42.6805555555556,NA
UCLA-SuEIR,2020-07-26,2020-07-27T05:01:03Z,NA,NA,v1,NA,NA
UCLA-SuEIR,2020-08-02,2020-08-03T07:44:36Z,NA,NA,v1,NA,NA
UCLA-SuEIR,2020-08-09,2020-08-10T07:25:01Z,NA,NA,v1,NA,NA
UCLA-SuEIR,2020-08-16,2020-08-17T18:43:29Z,NA,NA,v1,NA,NA
UCLA-SuEIR,2020-08-23,2020-08-24T19:49:25Z,NA,NA,v1,NA,NA
UCLA-SuEIR,2020-08-30,2020-08-31T07:17:57Z,NA,NA,v1,NA,NA
UCLA-SuEIR,2020-09-06,2020-09-07T06:12:00Z,NA,NA,v1,NA,NA
UCLA-SuEIR,2020-09-13,2020-09-14T06:52:37Z,NA,NA,v1,NA,NA
UCLA-SuEIR,2020-09-20,2020-09-21T08:13:14Z,NA,NA,v1,NA,NA
UCLA-SuEIR,2020-09-27,2020-09-28T06:49:11Z,NA,NA,v1,NA,NA
UCLA-SuEIR,2020-10-04,2020-10-05T08:37:08Z,NA,NA,v1,NA,NA
UCLA-SuEIR,2020-10-11,2020-10-12T11:18:18Z,NA,NA,v1,NA,NA
UCLA-SuEIR,2020-10-18,2020-10-19T08:02:44Z,NA,NA,v1,NA,NA
UCLA-SuEIR,2020-10-25,2020-10-26T12:50:17Z,NA,NA,v1,NA,NA
UCLA-SuEIR,2020-11-01,2020-11-02T05:38:17Z,NA,NA,v1,NA,NA
UCLA-SuEIR,2020-11-08,2020-11-09T09:10:50Z,NA,NA,v1,NA,NA
UCM_MESALab-FoGSEIR,2020-07-26,2020-07-31T22:25:12Z,NA,NA,v1,NA,NA
UCM_MESALab-FoGSEIR,2020-08-02,2020-08-03T09:19:22Z,NA,NA,v1,NA,NA
UCM_MESALab-FoGSEIR,2020-08-09,2020-08-10T09:51:05Z,NA,NA,v1,NA,NA
UCM_MESALab-FoGSEIR,2020-08-16,2020-08-17T21:50:51Z,NA,NA,v1,NA,NA
UCM_MESALab-FoGSEIR,2020-08-23,2020-08-24T16:19:53Z,NA,NA,v1,NA,NA
UCM_MESALab-FoGSEIR,2020-08-30,2020-08-31T15:37:57Z,NA,NA,v1,NA,NA
UCM_MESALab-FoGSEIR,2020-09-06,2020-09-07T06:23:38Z,NA,NA,v1,NA,NA
UCM_MESALab-FoGSEIR,2020-09-13,2020-09-14T21:54:48Z,NA,NA,v1,NA,NA
UCM_MESALab-FoGSEIR,2020-09-20,2020-09-21T15:53:52Z,NA,NA,v1,NA,NA
UCM_MESALab-FoGSEIR,2020-09-27,2020-09-28T08:13:52Z,NA,NA,v1,NA,NA
UCM_MESALab-FoGSEIR,2020-10-04,2020-10-05T08:36:13Z,NA,NA,v1,NA,NA
UCM_MESALab-FoGSEIR,2020-10-11,2020-10-12T11:17:55Z,NA,NA,v1,NA,NA
UCM_MESALab-FoGSEIR,2020-10-18,2020-10-18T21:30:54Z,NA,NA,v1,NA,NA
UCM_MESALab-FoGSEIR,2020-10-25,2020-10-26T06:31:56Z,NA,NA,v1,NA,NA
UCM_MESALab-FoGSEIR,2020-11-01,2020-11-02T20:49:37Z,NA,NA,v1,NA,NA
UCM_MESALab-FoGSEIR,2020-11-08,2020-11-09T19:54:38Z,NA,NA,v1,NA,NA
UCSB-ACTS,2020-10-25,2020-10-26T12:23:55Z,NA,NA,v1,NA,NA
UCSB-ACTS,2020-11-01,2020-11-01T22:19:26Z,NA,NA,v1,NA,NA
UCSB-ACTS,2020-11-08,2020-11-09T01:24:56Z,NA,NA,v1,NA,NA
UCSD_NEU-DeepGLEAM,2020-09-07,2020-09-08T03:00:54Z,NA,NA,v1,NA,NA
UCSD_NEU-DeepGLEAM,2020-09-14,2020-09-14T22:08:07Z,NA,NA,v1,NA,NA
UCSD_NEU-DeepGLEAM,2020-09-21,2020-09-21T21:58:54Z,NA,NA,v1,NA,NA
UCSD_NEU-DeepGLEAM,2020-09-28,2020-09-28T21:09:42Z,NA,NA,v1,NA,NA
UCSD_NEU-DeepGLEAM,2020-10-05,2020-10-06T08:39:05Z,NA,NA,v1,NA,NA
UCSD_NEU-DeepGLEAM,2020-10-12,2020-10-12T22:18:40Z,NA,NA,v1,NA,NA
UCSD_NEU-DeepGLEAM,2020-10-19,2020-10-19T23:53:18Z,NA,NA,v1,NA,NA
UCSD_NEU-DeepGLEAM,2020-10-26,2020-10-26T22:35:11Z,NA,NA,v1,NA,NA
UCSD_NEU-DeepGLEAM,2020-11-02,2020-11-02T23:19:09Z,NA,NA,v1,NA,NA
UCSD_NEU-DeepGLEAM,2020-11-09,2020-11-09T22:59:03Z,NA,NA,v1,NA,NA
UMass-MechBayes,2020-05-03,2020-05-05T02:39:16Z,NA,NA,v1,NA,NA
UMass-MechBayes,2020-05-10,2020-05-11T20:44:37Z,2020-05-12T00:48:50Z,NA,v2,4.07027777777778,NA
UMass-MechBayes,2020-05-17,2020-05-18T21:59:18Z,NA,NA,v1,NA,NA
UMass-MechBayes,2020-05-24,2020-05-25T22:45:05Z,NA,NA,v1,NA,NA
UMass-MechBayes,2020-05-31,2020-06-01T19:47:56Z,2020-06-17T20:14:26Z,2020-06-19T02:38:23Z,v3,384.441666666667,30.3991666666667
UMass-MechBayes,2020-06-07,2020-06-08T21:53:40Z,NA,NA,v1,NA,NA
UMass-MechBayes,2020-06-14,2020-06-15T19:36:48Z,NA,NA,v1,NA,NA
UMass-MechBayes,2020-06-21,2020-06-22T21:28:45Z,NA,NA,v1,NA,NA
UMass-MechBayes,2020-06-28,2020-06-29T22:13:47Z,NA,NA,v1,NA,NA
UMass-MechBayes,2020-07-05,2020-07-07T12:59:39Z,2020-07-15T15:51:33Z,NA,v2,194.865,NA
UMass-MechBayes,2020-07-12,2020-07-13T23:46:47Z,2020-07-15T15:51:33Z,2020-07-17T20:41:11Z,v3,40.0794444444444,52.8272222222222
UMass-MechBayes,2020-07-19,2020-07-20T21:19:20Z,NA,NA,v1,NA,NA
UMass-MechBayes,2020-07-26,2020-07-27T22:18:17Z,NA,NA,v1,NA,NA
UMass-MechBayes,2020-08-02,2020-08-03T17:22:56Z,NA,NA,v1,NA,NA
UMass-MechBayes,2020-08-09,2020-08-10T14:50:55Z,NA,NA,v1,NA,NA
UMass-MechBayes,2020-08-16,2020-08-17T17:04:47Z,NA,NA,v1,NA,NA
UMass-MechBayes,2020-08-23,2020-08-24T15:24:09Z,NA,NA,v1,NA,NA
UMass-MechBayes,2020-08-30,2020-08-31T21:19:06Z,NA,NA,v1,NA,NA
UMass-MechBayes,2020-09-06,2020-09-07T20:06:45Z,NA,NA,v1,NA,NA
UMass-MechBayes,2020-09-13,2020-09-14T16:24:31Z,NA,NA,v1,NA,NA
UMass-MechBayes,2020-09-20,2020-09-21T16:26:26Z,NA,NA,v1,NA,NA
UMass-MechBayes,2020-09-27,2020-09-28T21:13:32Z,NA,NA,v1,NA,NA
UMass-MechBayes,2020-10-04,2020-10-06T12:03:13Z,NA,NA,v1,NA,NA
UMass-MechBayes,2020-10-11,2020-10-12T21:11:17Z,NA,NA,v1,NA,NA
UMass-MechBayes,2020-10-18,2020-10-19T16:40:19Z,NA,NA,v1,NA,NA
UMass-MechBayes,2020-10-25,2020-10-26T22:31:18Z,NA,NA,v1,NA,NA
UMass-MechBayes,2020-11-01,2020-11-02T19:08:11Z,NA,NA,v1,NA,NA
UMass-MechBayes,2020-11-08,2020-11-09T22:58:35Z,NA,NA,v1,NA,NA
UMich-RidgeTfReg,2020-07-06,2020-07-15T20:58:03Z,NA,NA,v1,NA,NA
UMich-RidgeTfReg,2020-07-12,2020-07-15T20:58:03Z,NA,NA,v1,NA,NA
UMich-RidgeTfReg,2020-07-20,2020-07-20T17:57:02Z,NA,NA,v1,NA,NA
UMich-RidgeTfReg,2020-07-27,2020-07-27T22:36:49Z,NA,NA,v1,NA,NA
UMich-RidgeTfReg,2020-08-03,2020-08-03T16:02:48Z,NA,NA,v1,NA,NA
UMich-RidgeTfReg,2020-08-10,2020-08-10T16:59:55Z,NA,NA,v1,NA,NA
UMich-RidgeTfReg,2020-08-17,2020-08-17T21:38:31Z,NA,NA,v1,NA,NA
UMich-RidgeTfReg,2020-08-24,2020-08-24T22:19:08Z,NA,NA,v1,NA,NA
UMich-RidgeTfReg,2020-08-31,2020-08-31T19:14:35Z,NA,NA,v1,NA,NA
UMich-RidgeTfReg,2020-09-07,2020-09-07T16:29:26Z,NA,NA,v1,NA,NA
UMich-RidgeTfReg,2020-09-14,2020-09-16T16:23:11Z,NA,NA,v1,NA,NA
UMich-RidgeTfReg,2020-09-21,2020-09-21T15:05:37Z,NA,NA,v1,NA,NA
UMich-RidgeTfReg,2020-09-28,2020-09-28T15:04:07Z,NA,NA,v1,NA,NA
UMich-RidgeTfReg,2020-10-05,2020-10-05T16:26:49Z,NA,NA,v1,NA,NA
UMich-RidgeTfReg,2020-10-12,2020-10-12T15:10:38Z,NA,NA,v1,NA,NA
UMich-RidgeTfReg,2020-10-19,2020-10-19T17:00:22Z,NA,NA,v1,NA,NA
UMich-RidgeTfReg,2020-10-26,2020-10-26T16:32:14Z,NA,NA,v1,NA,NA
UMich-RidgeTfReg,2020-11-02,2020-11-02T23:01:36Z,NA,NA,v1,NA,NA
UMich-RidgeTfReg,2020-11-09,2020-11-09T22:42:53Z,NA,NA,v1,NA,NA
USC-SI_kJalpha,2020-06-23,2020-06-29T01:54:22Z,NA,NA,v1,NA,NA
USC-SI_kJalpha,2020-06-27,2020-06-29T01:54:22Z,NA,NA,v1,NA,NA
USC-SI_kJalpha,2020-06-28,2020-06-29T20:30:43Z,NA,NA,v1,NA,NA
USC-SI_kJalpha,2020-07-05,2020-07-07T00:49:04Z,NA,NA,v1,NA,NA
USC-SI_kJalpha,2020-07-12,2020-07-13T19:51:02Z,NA,NA,v1,NA,NA
USC-SI_kJalpha,2020-07-19,2020-07-20T03:14:57Z,NA,NA,v1,NA,NA
USC-SI_kJalpha,2020-07-26,2020-07-27T01:31:43Z,NA,NA,v1,NA,NA
USC-SI_kJalpha,2020-07-27,2020-07-28T03:56:54Z,NA,NA,v1,NA,NA
USC-SI_kJalpha,2020-08-02,2020-08-02T23:27:39Z,NA,NA,v1,NA,NA
USC-SI_kJalpha,2020-08-09,2020-08-09T23:48:57Z,NA,NA,v1,NA,NA
USC-SI_kJalpha,2020-08-16,2020-08-16T23:28:25Z,NA,NA,v1,NA,NA
USC-SI_kJalpha,2020-08-23,2020-08-24T00:35:43Z,NA,NA,v1,NA,NA
USC-SI_kJalpha,2020-08-30,2020-08-30T22:38:01Z,NA,NA,v1,NA,NA
USC-SI_kJalpha,2020-09-06,2020-09-06T21:55:09Z,NA,NA,v1,NA,NA
USC-SI_kJalpha,2020-09-13,2020-09-14T04:16:47Z,NA,NA,v1,NA,NA
USC-SI_kJalpha,2020-09-20,2020-09-21T00:07:44Z,2020-09-21T21:59:49Z,NA,v2,21.8680555555556,NA
USC-SI_kJalpha,2020-09-27,2020-09-27T21:25:43Z,NA,NA,v1,NA,NA
USC-SI_kJalpha,2020-10-04,2020-10-05T01:57:56Z,NA,NA,v1,NA,NA
USC-SI_kJalpha,2020-10-11,2020-10-12T11:16:13Z,NA,NA,v1,NA,NA
USC-SI_kJalpha,2020-10-18,2020-10-19T01:05:04Z,NA,NA,v1,NA,NA
USC-SI_kJalpha,2020-10-25,2020-10-26T12:44:06Z,NA,NA,v1,NA,NA
USC-SI_kJalpha,2020-11-01,2020-11-02T14:07:58Z,2020-11-09T21:33:13Z,NA,v2,175.420833333333,NA
USC-SI_kJalpha,2020-11-08,2020-11-09T21:33:13Z,NA,NA,v1,NA,NA
USC-SI_kJalpha_RF,2020-11-01,2020-11-02T14:09:03Z,2020-11-11T15:18:13Z,NA,v2,217.152777777778,NA
USC-SI_kJalpha_RF,2020-11-08,2020-11-09T21:33:13Z,2020-11-11T15:18:13Z,NA,v2,41.75,NA
UT-Mobility,2020-05-04,2020-05-04T20:03:55Z,NA,NA,v1,NA,NA
UT-Mobility,2020-05-11,2020-05-11T19:28:21Z,NA,NA,v1,NA,NA
UT-Mobility,2020-05-18,2020-05-18T14:49:56Z,NA,NA,v1,NA,NA
UT-Mobility,2020-05-25,2020-05-25T23:51:03Z,2020-05-26T21:05:51Z,NA,v2,21.2466666666667,NA
UT-Mobility,2020-06-01,2020-06-01T20:30:42Z,NA,NA,v1,NA,NA
UT-Mobility,2020-06-08,2020-06-08T16:11:13Z,NA,NA,v1,NA,NA
UT-Mobility,2020-06-15,2020-06-15T19:35:08Z,NA,NA,v1,NA,NA
UT-Mobility,2020-06-22,2020-06-22T19:32:44Z,NA,NA,v1,NA,NA
UT-Mobility,2020-06-29,2020-06-29T21:12:32Z,NA,NA,v1,NA,NA
UT-Mobility,2020-07-06,2020-07-07T00:56:11Z,NA,NA,v1,NA,NA
UT-Mobility,2020-07-13,2020-07-13T20:00:52Z,NA,NA,v1,NA,NA
UT-Mobility,2020-07-20,2020-07-20T18:00:28Z,NA,NA,v1,NA,NA
UT-Mobility,2020-07-27,2020-07-27T22:42:46Z,NA,NA,v1,NA,NA
UT-Mobility,2020-08-03,2020-08-03T18:51:06Z,NA,NA,v1,NA,NA
UT-Mobility,2020-08-17,2020-08-17T21:51:39Z,NA,NA,v1,NA,NA
UT-Mobility,2020-08-24,2020-08-24T15:24:48Z,NA,NA,v1,NA,NA
UT-Mobility,2020-09-14,2020-09-14T22:09:21Z,NA,NA,v1,NA,NA
UT-Mobility,2020-09-21,2020-09-21T18:24:12Z,NA,NA,v1,NA,NA
UT-Mobility,2020-09-28,2020-09-28T16:57:35Z,NA,NA,v1,NA,NA
UT-Mobility,2020-10-05,2020-10-05T16:25:40Z,NA,NA,v1,NA,NA
UT-Mobility,2020-10-12,2020-10-12T21:08:57Z,NA,NA,v1,NA,NA
UT-Mobility,2020-10-19,2020-10-19T23:51:24Z,NA,NA,v1,NA,NA
UT-Mobility,2020-10-26,2020-10-26T16:31:29Z,NA,NA,v1,NA,NA
UT-Mobility,2020-11-02,2020-11-02T16:50:00Z,NA,NA,v1,NA,NA
UT-Mobility,2020-11-09,2020-11-09T17:05:12Z,NA,NA,v1,NA,NA
UVA-Ensemble,2020-07-20,2020-07-21T13:51:47Z,NA,NA,v1,NA,NA
UVA-Ensemble,2020-07-27,2020-07-28T08:19:21Z,NA,NA,v1,NA,NA
UVA-Ensemble,2020-08-03,2020-08-04T14:46:26Z,NA,NA,v1,NA,NA
UVA-Ensemble,2020-08-10,2020-08-11T14:27:52Z,NA,NA,v1,NA,NA
UVA-Ensemble,2020-08-17,2020-08-18T17:21:44Z,NA,NA,v1,NA,NA
UVA-Ensemble,2020-08-24,2020-08-25T15:03:01Z,NA,NA,v1,NA,NA
UVA-Ensemble,2020-08-31,2020-09-02T04:01:19Z,NA,NA,v1,NA,NA
UVA-Ensemble,2020-09-07,2020-09-08T13:58:27Z,NA,NA,v1,NA,NA
UVA-Ensemble,2020-09-14,2020-09-15T13:53:52Z,NA,NA,v1,NA,NA
UVA-Ensemble,2020-09-21,2020-09-22T09:24:12Z,NA,NA,v1,NA,NA
UVA-Ensemble,2020-09-28,2020-09-29T14:43:40Z,NA,NA,v1,NA,NA
UVA-Ensemble,2020-10-05,2020-10-06T09:27:22Z,NA,NA,v1,NA,NA
UVA-Ensemble,2020-10-12,2020-10-13T05:52:00Z,NA,NA,v1,NA,NA
UVA-Ensemble,2020-10-19,2020-10-20T16:41:22Z,NA,NA,v1,NA,NA
UVA-Ensemble,2020-10-26,2020-10-27T13:40:22Z,NA,NA,v1,NA,NA
UVA-Ensemble,2020-11-02,2020-11-03T12:09:56Z,NA,NA,v1,NA,NA
UVA-Ensemble,2020-11-09,2020-11-10T17:00:25Z,NA,NA,v1,NA,NA
WalmartLabsML-LogForecasting,2020-08-23,2020-08-24T13:06:21Z,NA,NA,v1,NA,NA
WalmartLabsML-LogForecasting,2020-08-30,2020-08-31T11:08:47Z,NA,NA,v1,NA,NA
WalmartLabsML-LogForecasting,2020-09-06,2020-09-07T06:08:27Z,NA,NA,v1,NA,NA
WalmartLabsML-LogForecasting,2020-09-13,2020-09-14T06:35:59Z,NA,NA,v1,NA,NA
WalmartLabsML-LogForecasting,2020-09-20,2020-09-21T08:13:40Z,NA,NA,v1,NA,NA
WalmartLabsML-LogForecasting,2020-09-27,2020-09-28T08:12:26Z,NA,NA,v1,NA,NA
WalmartLabsML-LogForecasting,2020-10-04,2020-10-05T10:27:25Z,NA,NA,v1,NA,NA
WalmartLabsML-LogForecasting,2020-10-11,2020-10-12T11:19:51Z,NA,NA,v1,NA,NA
WalmartLabsML-LogForecasting,2020-10-18,2020-10-19T09:33:36Z,NA,NA,v1,NA,NA
WalmartLabsML-LogForecasting,2020-10-25,2020-10-26T12:49:37Z,NA,NA,v1,NA,NA
WalmartLabsML-LogForecasting,2020-11-01,2020-11-02T12:34:30Z,NA,NA,v1,NA,NA
WalmartLabsML-LogForecasting,2020-11-08,2020-11-09T09:08:36Z,NA,NA,v1,NA,NA
Yu_Group-CLEP,2020-08-08,2020-08-10T13:04:03Z,NA,NA,v1,NA,NA
Yu_Group-CLEP,2020-08-15,2020-08-16T22:01:22Z,NA,NA,v1,NA,NA
Yu_Group-CLEP,2020-08-30,2020-09-01T01:09:03Z,NA,NA,v1,NA,NA
Yu_Group-CLEP,2020-09-06,2020-09-07T21:50:19Z,NA,NA,v1,NA,NA
Yu_Group-CLEP,2020-09-13,2020-09-14T23:01:58Z,NA,NA,v1,NA,NA
Yu_Group-CLEP,2020-09-20,2020-09-22T01:16:24Z,NA,NA,v1,NA,NA
Yu_Group-CLEP,2020-09-27,2020-09-28T22:55:17Z,NA,NA,v1,NA,NA
Yu_Group-CLEP,2020-10-11,2020-10-12T22:28:57Z,NA,NA,v1,NA,NA
YYG-ParamSearch,2020-05-01,2020-05-29T21:40:28Z,NA,NA,v1,NA,NA
YYG-ParamSearch,2020-05-02,2020-05-29T21:40:28Z,NA,NA,v1,NA,NA
YYG-ParamSearch,2020-05-03,2020-05-29T21:40:28Z,NA,NA,v1,NA,NA
YYG-ParamSearch,2020-05-04,2020-05-04T20:04:28Z,NA,NA,v1,NA,NA
YYG-ParamSearch,2020-05-05,2020-05-29T21:40:28Z,NA,NA,v1,NA,NA
YYG-ParamSearch,2020-05-06,2020-05-29T21:40:28Z,NA,NA,v1,NA,NA
YYG-ParamSearch,2020-05-07,2020-05-29T21:40:28Z,NA,NA,v1,NA,NA
YYG-ParamSearch,2020-05-08,2020-05-29T21:40:28Z,NA,NA,v1,NA,NA
YYG-ParamSearch,2020-05-09,2020-05-29T21:40:28Z,NA,NA,v1,NA,NA
YYG-ParamSearch,2020-05-10,2020-05-29T21:40:28Z,NA,NA,v1,NA,NA
YYG-ParamSearch,2020-05-11,2020-05-11T21:10:44Z,NA,NA,v1,NA,NA
YYG-ParamSearch,2020-05-12,2020-05-29T21:40:28Z,NA,NA,v1,NA,NA
YYG-ParamSearch,2020-05-13,2020-05-29T21:40:28Z,NA,NA,v1,NA,NA
YYG-ParamSearch,2020-05-14,2020-05-29T21:40:28Z,NA,NA,v1,NA,NA
YYG-ParamSearch,2020-05-15,2020-05-29T21:40:28Z,NA,NA,v1,NA,NA
YYG-ParamSearch,2020-05-16,2020-05-29T21:40:28Z,NA,NA,v1,NA,NA
YYG-ParamSearch,2020-05-17,2020-05-29T21:40:28Z,NA,NA,v1,NA,NA
YYG-ParamSearch,2020-05-18,2020-05-18T21:05:20Z,NA,NA,v1,NA,NA
YYG-ParamSearch,2020-05-19,2020-06-04T19:11:15Z,NA,NA,v1,NA,NA
YYG-ParamSearch,2020-05-20,2020-06-04T19:11:15Z,NA,NA,v1,NA,NA
YYG-ParamSearch,2020-05-21,2020-06-04T19:11:15Z,NA,NA,v1,NA,NA
YYG-ParamSearch,2020-05-22,2020-06-04T19:11:15Z,NA,NA,v1,NA,NA
YYG-ParamSearch,2020-05-23,2020-06-04T19:11:15Z,NA,NA,v1,NA,NA
YYG-ParamSearch,2020-05-24,2020-06-04T19:11:15Z,NA,NA,v1,NA,NA
YYG-ParamSearch,2020-05-25,2020-05-25T13:17:04Z,NA,NA,v1,NA,NA
YYG-ParamSearch,2020-05-26,2020-06-04T19:11:15Z,NA,NA,v1,NA,NA
YYG-ParamSearch,2020-05-27,2020-06-04T19:11:15Z,NA,NA,v1,NA,NA
YYG-ParamSearch,2020-05-28,2020-06-04T19:11:15Z,NA,NA,v1,NA,NA
YYG-ParamSearch,2020-05-29,2020-06-04T19:11:15Z,NA,NA,v1,NA,NA
YYG-ParamSearch,2020-05-30,2020-06-04T19:11:15Z,NA,NA,v1,NA,NA
YYG-ParamSearch,2020-05-31,2020-06-04T19:11:15Z,NA,NA,v1,NA,NA
YYG-ParamSearch,2020-06-01,2020-06-01T12:09:38Z,NA,NA,v1,NA,NA
YYG-ParamSearch,2020-06-02,2020-06-04T19:11:15Z,NA,NA,v1,NA,NA
YYG-ParamSearch,2020-06-03,2020-06-04T19:11:15Z,NA,NA,v1,NA,NA
YYG-ParamSearch,2020-06-04,2020-06-04T19:11:15Z,NA,NA,v1,NA,NA
YYG-ParamSearch,2020-06-05,2020-06-08T16:23:38Z,NA,NA,v1,NA,NA
YYG-ParamSearch,2020-06-06,2020-06-08T16:23:38Z,NA,NA,v1,NA,NA
YYG-ParamSearch,2020-06-07,2020-06-08T16:23:38Z,NA,NA,v1,NA,NA
YYG-ParamSearch,2020-06-08,2020-06-08T16:28:24Z,NA,NA,v1,NA,NA
YYG-ParamSearch,2020-06-09,2020-06-09T09:32:47Z,NA,NA,v1,NA,NA
YYG-ParamSearch,2020-06-10,2020-06-10T08:33:50Z,NA,NA,v1,NA,NA
YYG-ParamSearch,2020-06-11,2020-06-11T11:34:09Z,NA,NA,v1,NA,NA
YYG-ParamSearch,2020-06-12,2020-06-15T19:00:48Z,NA,NA,v1,NA,NA
YYG-ParamSearch,2020-06-13,2020-06-15T19:00:48Z,NA,NA,v1,NA,NA
YYG-ParamSearch,2020-06-14,2020-06-15T19:00:48Z,NA,NA,v1,NA,NA
YYG-ParamSearch,2020-06-15,2020-06-15T19:01:01Z,NA,NA,v1,NA,NA
YYG-ParamSearch,2020-06-16,2020-06-17T12:42:19Z,NA,NA,v1,NA,NA
YYG-ParamSearch,2020-06-17,2020-06-17T12:42:19Z,NA,NA,v1,NA,NA
YYG-ParamSearch,2020-06-18,2020-06-18T21:09:49Z,NA,NA,v1,NA,NA
YYG-ParamSearch,2020-06-19,2020-06-20T12:08:33Z,NA,NA,v1,NA,NA
YYG-ParamSearch,2020-06-20,2020-06-20T12:08:33Z,NA,NA,v1,NA,NA
YYG-ParamSearch,2020-06-21,2020-06-22T13:00:13Z,NA,NA,v1,NA,NA
YYG-ParamSearch,2020-06-22,2020-06-22T14:41:19Z,NA,NA,v1,NA,NA
YYG-ParamSearch,2020-06-23,2020-06-23T11:41:38Z,NA,NA,v1,NA,NA
YYG-ParamSearch,2020-06-24,2020-06-24T17:09:07Z,NA,NA,v1,NA,NA
YYG-ParamSearch,2020-06-25,2020-06-26T17:39:41Z,NA,NA,v1,NA,NA
YYG-ParamSearch,2020-06-26,2020-06-26T17:39:41Z,NA,NA,v1,NA,NA
YYG-ParamSearch,2020-06-27,2020-06-28T21:25:40Z,NA,NA,v1,NA,NA
YYG-ParamSearch,2020-06-28,2020-06-28T21:25:40Z,NA,NA,v1,NA,NA
YYG-ParamSearch,2020-06-29,2020-06-29T11:48:29Z,NA,NA,v1,NA,NA
YYG-ParamSearch,2020-06-30,2020-07-01T12:17:54Z,NA,NA,v1,NA,NA
YYG-ParamSearch,2020-07-01,2020-07-01T12:17:54Z,NA,NA,v1,NA,NA
YYG-ParamSearch,2020-07-02,2020-07-02T07:27:52Z,NA,NA,v1,NA,NA
YYG-ParamSearch,2020-07-03,2020-07-03T21:43:41Z,NA,NA,v1,NA,NA
YYG-ParamSearch,2020-07-04,2020-07-07T00:47:20Z,NA,NA,v1,NA,NA
YYG-ParamSearch,2020-07-05,2020-07-07T00:47:20Z,NA,NA,v1,NA,NA
YYG-ParamSearch,2020-07-06,2020-07-07T01:05:10Z,NA,NA,v1,NA,NA
YYG-ParamSearch,2020-07-07,2020-07-08T11:49:59Z,NA,NA,v1,NA,NA
YYG-ParamSearch,2020-07-08,2020-07-08T11:49:59Z,NA,NA,v1,NA,NA
YYG-ParamSearch,2020-07-09,2020-07-13T17:49:42Z,NA,NA,v1,NA,NA
YYG-ParamSearch,2020-07-10,2020-07-13T17:49:42Z,NA,NA,v1,NA,NA
YYG-ParamSearch,2020-07-11,2020-07-13T17:49:42Z,NA,NA,v1,NA,NA
YYG-ParamSearch,2020-07-12,2020-07-13T17:49:42Z,NA,NA,v1,NA,NA
YYG-ParamSearch,2020-07-13,2020-07-13T19:55:44Z,NA,NA,v1,NA,NA
YYG-ParamSearch,2020-07-14,2020-07-15T12:12:05Z,NA,NA,v1,NA,NA
YYG-ParamSearch,2020-07-15,2020-07-15T12:12:05Z,NA,NA,v1,NA,NA
YYG-ParamSearch,2020-07-16,2020-07-17T14:22:52Z,NA,NA,v1,NA,NA
YYG-ParamSearch,2020-07-17,2020-07-19T15:09:28Z,NA,NA,v1,NA,NA
YYG-ParamSearch,2020-07-18,2020-07-19T15:09:28Z,NA,NA,v1,NA,NA
YYG-ParamSearch,2020-07-19,2020-07-19T15:09:28Z,NA,NA,v1,NA,NA
YYG-ParamSearch,2020-07-20,2020-07-20T20:48:40Z,NA,NA,v1,NA,NA
YYG-ParamSearch,2020-07-21,2020-07-21T13:07:12Z,NA,NA,v1,NA,NA
YYG-ParamSearch,2020-07-22,2020-07-23T05:49:44Z,NA,NA,v1,NA,NA
YYG-ParamSearch,2020-07-23,2020-07-24T08:43:23Z,NA,NA,v1,NA,NA
YYG-ParamSearch,2020-07-24,2020-07-24T20:17:30Z,NA,NA,v1,NA,NA
YYG-ParamSearch,2020-07-25,2020-07-26T22:51:22Z,NA,NA,v1,NA,NA
YYG-ParamSearch,2020-07-26,2020-07-26T22:51:22Z,NA,NA,v1,NA,NA
YYG-ParamSearch,2020-07-27,2020-07-27T22:19:43Z,NA,NA,v1,NA,NA
YYG-ParamSearch,2020-07-28,2020-07-28T20:07:32Z,NA,NA,v1,NA,NA
YYG-ParamSearch,2020-07-29,2020-07-29T20:15:59Z,NA,NA,v1,NA,NA
YYG-ParamSearch,2020-07-30,2020-07-30T22:22:27Z,NA,NA,v1,NA,NA
YYG-ParamSearch,2020-07-31,2020-08-01T16:21:07Z,NA,NA,v1,NA,NA
YYG-ParamSearch,2020-08-01,2020-08-01T16:21:07Z,NA,NA,v1,NA,NA
YYG-ParamSearch,2020-08-02,2020-08-03T06:38:02Z,NA,NA,v1,NA,NA
YYG-ParamSearch,2020-08-03,2020-08-03T22:11:09Z,NA,NA,v1,NA,NA
YYG-ParamSearch,2020-08-04,2020-08-04T07:03:54Z,NA,NA,v1,NA,NA
YYG-ParamSearch,2020-08-05,2020-08-05T12:59:48Z,NA,NA,v1,NA,NA
YYG-ParamSearch,2020-08-06,2020-08-06T18:50:58Z,NA,NA,v1,NA,NA
YYG-ParamSearch,2020-08-07,2020-08-07T21:21:33Z,NA,NA,v1,NA,NA
YYG-ParamSearch,2020-08-08,2020-08-08T18:34:02Z,NA,NA,v1,NA,NA
YYG-ParamSearch,2020-08-09,2020-08-10T16:58:56Z,NA,NA,v1,NA,NA
YYG-ParamSearch,2020-08-10,2020-08-10T22:32:50Z,NA,NA,v1,NA,NA
YYG-ParamSearch,2020-08-11,2020-08-12T01:28:46Z,NA,NA,v1,NA,NA
YYG-ParamSearch,2020-08-12,2020-08-12T16:35:30Z,NA,NA,v1,NA,NA
YYG-ParamSearch,2020-08-13,2020-08-13T08:39:15Z,NA,NA,v1,NA,NA
YYG-ParamSearch,2020-08-14,2020-08-14T13:00:33Z,NA,NA,v1,NA,NA
YYG-ParamSearch,2020-08-15,2020-08-15T17:57:59Z,NA,NA,v1,NA,NA
YYG-ParamSearch,2020-08-16,2020-08-17T03:23:16Z,NA,NA,v1,NA,NA
YYG-ParamSearch,2020-08-17,2020-08-17T21:52:03Z,NA,NA,v1,NA,NA
YYG-ParamSearch,2020-08-18,2020-08-19T21:14:52Z,NA,NA,v1,NA,NA
YYG-ParamSearch,2020-08-19,2020-08-19T21:14:52Z,NA,NA,v1,NA,NA
YYG-ParamSearch,2020-08-20,2020-08-21T00:30:16Z,NA,NA,v1,NA,NA
YYG-ParamSearch,2020-08-21,2020-08-21T17:13:56Z,NA,NA,v1,NA,NA
YYG-ParamSearch,2020-08-22,2020-08-23T15:47:49Z,NA,NA,v1,NA,NA
YYG-ParamSearch,2020-08-23,2020-08-23T15:47:49Z,NA,NA,v1,NA,NA
YYG-ParamSearch,2020-08-24,2020-08-24T22:21:14Z,NA,NA,v1,NA,NA
YYG-ParamSearch,2020-08-25,2020-08-25T17:17:32Z,NA,NA,v1,NA,NA
YYG-ParamSearch,2020-08-26,2020-08-27T13:07:29Z,NA,NA,v1,NA,NA
YYG-ParamSearch,2020-08-27,2020-08-28T06:31:14Z,NA,NA,v1,NA,NA
YYG-ParamSearch,2020-08-28,2020-08-30T21:44:28Z,NA,NA,v1,NA,NA
YYG-ParamSearch,2020-08-29,2020-08-30T21:44:28Z,NA,NA,v1,NA,NA
YYG-ParamSearch,2020-08-30,2020-08-30T21:44:28Z,NA,NA,v1,NA,NA
YYG-ParamSearch,2020-08-31,2020-09-01T01:07:20Z,NA,NA,v1,NA,NA
YYG-ParamSearch,2020-09-01,2020-09-02T21:18:45Z,NA,NA,v1,NA,NA
YYG-ParamSearch,2020-09-02,2020-09-02T21:18:45Z,NA,NA,v1,NA,NA
YYG-ParamSearch,2020-09-03,2020-09-03T19:28:56Z,NA,NA,v1,NA,NA
YYG-ParamSearch,2020-09-04,2020-09-04T22:19:04Z,NA,NA,v1,NA,NA
YYG-ParamSearch,2020-09-05,2020-09-05T22:35:42Z,NA,NA,v1,NA,NA
YYG-ParamSearch,2020-09-06,2020-09-06T08:21:37Z,NA,NA,v1,NA,NA
YYG-ParamSearch,2020-09-07,2020-09-07T08:23:51Z,NA,NA,v1,NA,NA
YYG-ParamSearch,2020-09-08,2020-09-10T15:18:02Z,NA,NA,v1,NA,NA
YYG-ParamSearch,2020-09-09,2020-09-10T15:18:02Z,NA,NA,v1,NA,NA
YYG-ParamSearch,2020-09-10,2020-09-11T14:31:14Z,NA,NA,v1,NA,NA
YYG-ParamSearch,2020-09-11,2020-09-13T16:38:18Z,NA,NA,v1,NA,NA
YYG-ParamSearch,2020-09-12,2020-09-13T16:38:18Z,NA,NA,v1,NA,NA
YYG-ParamSearch,2020-09-13,2020-09-14T04:14:30Z,NA,NA,v1,NA,NA
YYG-ParamSearch,2020-09-14,2020-09-14T22:06:55Z,NA,NA,v1,NA,NA
YYG-ParamSearch,2020-09-15,2020-09-16T07:06:01Z,NA,NA,v1,NA,NA
YYG-ParamSearch,2020-09-16,2020-09-17T01:45:01Z,NA,NA,v1,NA,NA
YYG-ParamSearch,2020-09-17,2020-09-17T09:22:56Z,NA,NA,v1,NA,NA
YYG-ParamSearch,2020-09-18,2020-09-18T07:07:57Z,NA,NA,v1,NA,NA
YYG-ParamSearch,2020-09-19,2020-09-21T00:05:26Z,NA,NA,v1,NA,NA
YYG-ParamSearch,2020-09-20,2020-09-21T00:05:26Z,NA,NA,v1,NA,NA
YYG-ParamSearch,2020-09-21,2020-09-21T22:01:49Z,NA,NA,v1,NA,NA
YYG-ParamSearch,2020-09-22,2020-09-23T06:35:36Z,NA,NA,v1,NA,NA
YYG-ParamSearch,2020-09-23,2020-09-23T08:30:42Z,NA,NA,v1,NA,NA
YYG-ParamSearch,2020-09-24,2020-09-24T15:24:49Z,NA,NA,v1,NA,NA
YYG-ParamSearch,2020-09-25,2020-09-28T21:18:24Z,NA,NA,v1,NA,NA
YYG-ParamSearch,2020-09-26,2020-09-28T21:18:24Z,NA,NA,v1,NA,NA
YYG-ParamSearch,2020-09-27,2020-09-28T21:18:24Z,NA,NA,v1,NA,NA
YYG-ParamSearch,2020-09-28,2020-09-28T22:54:18Z,NA,NA,v1,NA,NA
YYG-ParamSearch,2020-09-29,2020-09-30T14:07:44Z,NA,NA,v1,NA,NA
YYG-ParamSearch,2020-09-30,2020-09-30T14:07:44Z,NA,NA,v1,NA,NA
YYG-ParamSearch,2020-10-01,2020-10-01T13:53:43Z,2020-10-04T00:53:33Z,NA,v2,58.9972222222222,NA
YYG-ParamSearch,2020-10-02,2020-10-04T00:53:55Z,NA,NA,v1,NA,NA
YYG-ParamSearch,2020-10-03,2020-10-04T00:53:55Z,NA,NA,v1,NA,NA
YYG-ParamSearch,2020-10-04,2020-10-06T08:42:20Z,NA,NA,v1,NA,NA
YYG-ParamSearch,2020-10-05,2020-10-06T08:40:49Z,NA,NA,v1,NA,NA
COVIDhub-ensemble,2020-05-04,2020-05-05T07:55:01Z,2020-05-05T14:54:35Z,2020-05-05T15:36:00Z,v3,6.99277777777778,0.690277777777778
COVIDhub-ensemble,2020-05-11,2020-05-12T14:38:48Z,NA,NA,v1,NA,NA
COVIDhub-ensemble,2020-05-18,2020-05-19T15:57:38Z,NA,NA,v1,NA,NA
COVIDhub-ensemble,2020-05-25,2020-05-26T16:09:30Z,2020-05-26T19:30:54Z,NA,v2,3.35666666666667,NA
COVIDhub-ensemble,2020-06-01,2020-06-02T16:05:01Z,NA,NA,v1,NA,NA
COVIDhub-ensemble,2020-06-08,2020-06-09T15:45:39Z,NA,NA,v1,NA,NA
COVIDhub-ensemble,2020-06-15,2020-06-16T15:53:14Z,NA,NA,v1,NA,NA
COVIDhub-ensemble,2020-06-22,2020-06-23T15:51:02Z,NA,NA,v1,NA,NA
COVIDhub-ensemble,2020-06-29,2020-06-30T16:52:21Z,NA,NA,v1,NA,NA
COVIDhub-ensemble,2020-07-06,2020-07-07T17:20:11Z,2020-07-07T18:27:11Z,NA,v2,1.11666666666667,NA
COVIDhub-ensemble,2020-07-13,2020-07-14T17:03:46Z,NA,NA,v1,NA,NA
COVIDhub-ensemble,2020-07-20,2020-07-21T19:57:31Z,NA,NA,v1,NA,NA
COVIDhub-ensemble,2020-07-27,2020-07-28T18:39:10Z,NA,NA,v1,NA,NA
COVIDhub-ensemble,2020-08-03,2020-08-04T16:39:06Z,NA,NA,v1,NA,NA
COVIDhub-ensemble,2020-08-10,2020-08-11T17:05:25Z,NA,NA,v1,NA,NA
COVIDhub-ensemble,2020-08-17,2020-08-18T15:04:20Z,NA,NA,v1,NA,NA
COVIDhub-ensemble,2020-08-24,2020-08-25T13:52:13Z,NA,NA,v1,NA,NA
COVIDhub-ensemble,2020-08-31,2020-09-01T13:56:38Z,NA,NA,v1,NA,NA
COVIDhub-ensemble,2020-09-07,2020-09-08T14:11:27Z,NA,NA,v1,NA,NA
COVIDhub-ensemble,2020-09-14,2020-09-15T13:47:29Z,NA,NA,v1,NA,NA
COVIDhub-ensemble,2020-09-21,2020-09-22T13:37:42Z,NA,NA,v1,NA,NA
COVIDhub-ensemble,2020-09-28,2020-09-29T14:43:18Z,NA,NA,v1,NA,NA
COVIDhub-ensemble,2020-10-05,2020-10-06T12:57:52Z,NA,NA,v1,NA,NA
COVIDhub-ensemble,2020-10-12,2020-10-13T13:11:16Z,NA,NA,v1,NA,NA
COVIDhub-ensemble,2020-10-19,2020-10-20T12:36:43Z,NA,NA,v1,NA,NA
COVIDhub-ensemble,2020-10-26,2020-10-27T12:53:29Z,NA,NA,v1,NA,NA
COVIDhub-ensemble,2020-11-02,2020-11-03T13:04:36Z,NA,NA,v1,NA,NA
COVIDhub-ensemble,2020-11-09,2020-11-10T12:07:11Z,NA,NA,v1,NA,NA
CU-scenario_low,2020-05-07,2020-06-18T18:15:00Z,NA,NA,v1,NA,NA
CU-scenario_low,2020-05-10,2020-06-18T18:15:00Z,NA,NA,v1,NA,NA
CU-scenario_low,2020-05-14,2020-06-18T18:15:00Z,NA,NA,v1,NA,NA
CU-scenario_low,2020-05-17,2020-06-18T18:15:00Z,NA,NA,v1,NA,NA
CU-scenario_low,2020-05-21,2020-06-18T18:15:00Z,NA,NA,v1,NA,NA
CU-scenario_low,2020-05-24,2020-06-18T18:15:00Z,NA,NA,v1,NA,NA
CU-scenario_low,2020-05-28,2020-06-18T18:15:00Z,NA,NA,v1,NA,NA
CU-scenario_low,2020-05-31,2020-06-18T18:15:00Z,NA,NA,v1,NA,NA
CU-scenario_low,2020-06-04,2020-06-18T20:26:13Z,NA,NA,v1,NA,NA
CU-scenario_low,2020-06-07,2020-06-18T20:26:13Z,NA,NA,v1,NA,NA
CU-scenario_low,2020-06-11,2020-06-18T20:26:13Z,NA,NA,v1,NA,NA
CU-scenario_low,2020-06-14,2020-06-18T18:15:00Z,NA,NA,v1,NA,NA
CU-scenario_low,2020-06-18,2020-06-19T16:19:47Z,NA,NA,v1,NA,NA
CU-scenario_low,2020-06-21,2020-06-23T01:17:02Z,2020-06-26T17:41:25Z,NA,v2,88.4063888888889,NA
CU-scenario_low,2020-06-25,2020-06-26T17:41:25Z,NA,NA,v1,NA,NA
CU-scenario_low,2020-06-28,2020-06-29T22:09:29Z,NA,NA,v1,NA,NA
CU-scenario_low,2020-07-02,2020-07-03T21:44:35Z,NA,NA,v1,NA,NA
CU-scenario_low,2020-07-05,2020-07-07T12:32:14Z,NA,NA,v1,NA,NA
CU-scenario_low,2020-07-12,2020-07-13T20:08:25Z,NA,NA,v1,NA,NA
CU-scenario_low,2020-07-19,2020-07-21T00:38:23Z,NA,NA,v1,NA,NA
CU-scenario_low,2020-07-26,2020-07-27T22:21:36Z,NA,NA,v1,NA,NA
CU-scenario_low,2020-08-02,2020-08-03T20:20:08Z,NA,NA,v1,NA,NA
CU-scenario_low,2020-08-06,2020-08-08T13:56:08Z,NA,NA,v1,NA,NA
CU-scenario_low,2020-08-09,2020-08-10T19:09:29Z,NA,NA,v1,NA,NA
CU-scenario_low,2020-08-13,2020-08-17T18:44:10Z,NA,NA,v1,NA,NA
CU-scenario_low,2020-08-16,2020-08-17T18:44:10Z,NA,NA,v1,NA,NA
CU-scenario_low,2020-08-20,2020-08-24T18:20:07Z,NA,NA,v1,NA,NA
CU-scenario_low,2020-08-23,2020-08-24T18:20:07Z,NA,NA,v1,NA,NA
CU-scenario_low,2020-08-30,2020-08-31T21:24:21Z,NA,NA,v1,NA,NA
CU-scenario_low,2020-09-03,2020-09-07T23:38:55Z,NA,NA,v1,NA,NA
CU-scenario_low,2020-09-06,2020-09-07T23:38:55Z,NA,NA,v1,NA,NA
CU-scenario_low,2020-09-13,2020-09-14T21:50:53Z,NA,NA,v1,NA,NA
CU-scenario_low,2020-09-20,2020-09-21T22:03:11Z,NA,NA,v1,NA,NA
CU-scenario_low,2020-09-24,2020-09-28T21:31:55Z,NA,NA,v1,NA,NA
CU-scenario_low,2020-09-27,2020-09-28T21:31:55Z,NA,NA,v1,NA,NA
CU-scenario_low,2020-10-04,2020-10-06T08:47:04Z,NA,NA,v1,NA,NA
CU-scenario_low,2020-10-08,2020-10-09T14:18:28Z,NA,NA,v1,NA,NA
CU-scenario_low,2020-10-11,2020-10-12T21:11:50Z,NA,NA,v1,NA,NA
CU-scenario_low,2020-10-15,2020-10-16T04:33:35Z,NA,NA,v1,NA,NA
CU-scenario_low,2020-10-18,2020-10-19T16:39:54Z,NA,NA,v1,NA,NA
CU-scenario_low,2020-10-22,2020-10-23T05:28:55Z,NA,NA,v1,NA,NA
CU-scenario_low,2020-10-25,2020-10-26T16:30:58Z,NA,NA,v1,NA,NA
CU-scenario_low,2020-10-29,2020-11-03T04:53:43Z,NA,NA,v1,NA,NA
CU-scenario_low,2020-11-01,2020-11-03T04:53:43Z,NA,NA,v1,NA,NA
CU-scenario_low,2020-11-05,2020-11-10T01:49:06Z,NA,NA,v1,NA,NA
CU-scenario_low,2020-11-08,2020-11-10T01:49:06Z,NA,NA,v1,NA,NA
RPI_UW-Mob_Collision,2020-08-03,2020-08-21T14:21:40Z,NA,NA,v1,NA,NA
RPI_UW-Mob_Collision,2020-08-10,2020-08-21T14:21:40Z,NA,NA,v1,NA,NA
RPI_UW-Mob_Collision,2020-08-16,2020-08-21T14:21:40Z,NA,NA,v1,NA,NA
RPI_UW-Mob_Collision,2020-08-23,2020-08-25T08:03:42Z,NA,NA,v1,NA,NA
RPI_UW-Mob_Collision,2020-08-30,2020-08-31T19:16:57Z,NA,NA,v1,NA,NA
RPI_UW-Mob_Collision,2020-09-06,2020-09-08T05:52:50Z,NA,NA,v1,NA,NA
RPI_UW-Mob_Collision,2020-09-13,2020-09-15T04:15:42Z,NA,NA,v1,NA,NA
RPI_UW-Mob_Collision,2020-09-20,2020-09-21T01:52:52Z,NA,NA,v1,NA,NA
RPI_UW-Mob_Collision,2020-09-27,2020-09-29T05:10:27Z,NA,NA,v1,NA,NA
RPI_UW-Mob_Collision,2020-10-04,2020-10-05T01:58:44Z,NA,NA,v1,NA,NA
RPI_UW-Mob_Collision,2020-10-11,2020-10-12T22:11:16Z,NA,NA,v1,NA,NA
RPI_UW-Mob_Collision,2020-10-18,2020-10-20T03:14:13Z,NA,NA,v1,NA,NA
RPI_UW-Mob_Collision,2020-10-25,2020-10-27T06:16:01Z,NA,NA,v1,NA,NA
RPI_UW-Mob_Collision,2020-11-01,2020-11-02T05:35:55Z,NA,NA,v1,NA,NA
RPI_UW-Mob_Collision,2020-11-08,2020-11-09T05:22:14Z,NA,NA,v1,NA,NA
USACE-ERDC_SEIR,2020-05-14,2020-05-20T02:29:00Z,2020-05-25T21:01:58Z,NA,v2,138.549444444444,NA
USACE-ERDC_SEIR,2020-05-18,2020-05-20T23:57:32Z,NA,NA,v1,NA,NA
USACE-ERDC_SEIR,2020-05-24,2020-05-25T21:01:58Z,NA,NA,v1,NA,NA
USACE-ERDC_SEIR,2020-05-25,2020-05-25T21:01:58Z,NA,NA,v1,NA,NA
USACE-ERDC_SEIR,2020-05-28,2020-05-29T21:17:22Z,NA,NA,v1,NA,NA
USACE-ERDC_SEIR,2020-06-01,2020-06-01T21:53:20Z,2020-06-04T19:13:25Z,NA,v2,69.3347222222222,NA
USACE-ERDC_SEIR,2020-06-08,2020-06-08T21:50:59Z,NA,NA,v1,NA,NA
USACE-ERDC_SEIR,2020-06-15,2020-06-15T21:37:25Z,NA,NA,v1,NA,NA
USACE-ERDC_SEIR,2020-06-22,2020-06-30T01:52:10Z,NA,NA,v1,NA,NA
USACE-ERDC_SEIR,2020-06-29,2020-06-30T01:52:10Z,NA,NA,v1,NA,NA
USACE-ERDC_SEIR,2020-07-01,2020-07-02T07:28:58Z,NA,NA,v1,NA,NA
USACE-ERDC_SEIR,2020-07-06,2020-07-07T01:12:01Z,NA,NA,v1,NA,NA
USACE-ERDC_SEIR,2020-07-13,2020-07-13T23:52:16Z,NA,NA,v1,NA,NA
USACE-ERDC_SEIR,2020-07-20,2020-07-21T00:36:59Z,2020-07-27T22:45:54Z,NA,v2,166.148611111111,NA
USACE-ERDC_SEIR,2020-07-21,2020-07-27T22:45:54Z,NA,NA,v1,NA,NA
USACE-ERDC_SEIR,2020-07-22,2020-07-27T22:45:54Z,NA,NA,v1,NA,NA
USACE-ERDC_SEIR,2020-07-23,2020-07-27T22:45:54Z,NA,NA,v1,NA,NA
USACE-ERDC_SEIR,2020-07-24,2020-07-27T22:45:54Z,NA,NA,v1,NA,NA
USACE-ERDC_SEIR,2020-07-27,2020-07-27T22:45:54Z,2020-07-28T16:18:41Z,NA,v2,17.5463888888889,NA
USACE-ERDC_SEIR,2020-07-28,2020-08-03T23:42:41Z,NA,NA,v1,NA,NA
USACE-ERDC_SEIR,2020-07-29,2020-08-03T23:42:41Z,NA,NA,v1,NA,NA
USACE-ERDC_SEIR,2020-07-30,2020-08-03T23:42:41Z,NA,NA,v1,NA,NA
USACE-ERDC_SEIR,2020-07-31,2020-08-03T23:42:41Z,NA,NA,v1,NA,NA
USACE-ERDC_SEIR,2020-08-01,2020-08-03T23:42:41Z,NA,NA,v1,NA,NA
USACE-ERDC_SEIR,2020-08-02,2020-08-03T23:42:41Z,NA,NA,v1,NA,NA
USACE-ERDC_SEIR,2020-08-03,2020-08-03T23:42:41Z,NA,NA,v1,NA,NA
USACE-ERDC_SEIR,2020-08-10,2020-08-10T22:34:54Z,NA,NA,v1,NA,NA
USACE-ERDC_SEIR,2020-08-17,2020-08-17T21:54:37Z,NA,NA,v1,NA,NA
USACE-ERDC_SEIR,2020-08-24,2020-08-24T22:19:35Z,NA,NA,v1,NA,NA
USACE-ERDC_SEIR,2020-08-31,2020-08-31T21:25:42Z,NA,NA,v1,NA,NA
USACE-ERDC_SEIR,2020-09-07,2020-09-08T00:07:03Z,NA,NA,v1,NA,NA
USACE-ERDC_SEIR,2020-09-14,2020-09-14T22:13:12Z,NA,NA,v1,NA,NA
USACE-ERDC_SEIR,2020-09-21,2020-09-21T19:29:24Z,NA,NA,v1,NA,NA
USACE-ERDC_SEIR,2020-09-28,2020-09-29T05:11:12Z,NA,NA,v1,NA,NA
USACE-ERDC_SEIR,2020-10-12,2020-10-12T22:20:11Z,NA,NA,v1,NA,NA
USACE-ERDC_SEIR,2020-10-26,2020-10-26T16:30:21Z,NA,NA,v1,NA,NA
RobertWalraven-ESG,2020-07-06,2020-07-07T12:33:50Z,2020-08-05T01:41:00Z,NA,v2,685.119444444444,NA
RobertWalraven-ESG,2020-07-07,2020-07-08T11:48:59Z,2020-08-05T01:41:00Z,NA,v2,661.866944444444,NA
RobertWalraven-ESG,2020-07-12,2020-07-13T19:51:33Z,2020-08-05T01:41:00Z,NA,v2,533.824166666667,NA
RobertWalraven-ESG,2020-07-20,2020-07-21T02:43:17Z,2020-08-05T01:41:00Z,NA,v2,358.961944444444,NA
RobertWalraven-ESG,2020-07-26,2020-07-28T12:36:32Z,2020-08-05T01:41:00Z,NA,v2,181.074444444444,NA
RobertWalraven-ESG,2020-07-27,2020-07-28T12:36:32Z,2020-08-05T01:41:00Z,NA,v2,181.074444444444,NA
RobertWalraven-ESG,2020-08-01,2020-08-03T06:37:02Z,2020-08-05T01:41:00Z,NA,v2,43.0661111111111,NA
RobertWalraven-ESG,2020-08-03,2020-08-03T08:38:50Z,2020-08-03T21:20:33Z,2020-08-05T01:41:00Z,v3,12.6952777777778,28.3408333333333
RobertWalraven-ESG,2020-08-10,2020-08-10T18:15:46Z,2020-08-10T22:38:31Z,NA,v2,4.37916666666667,NA
RobertWalraven-ESG,2020-08-16,2020-08-17T04:20:14Z,NA,NA,v1,NA,NA
RobertWalraven-ESG,2020-08-17,2020-08-17T21:55:00Z,NA,NA,v1,NA,NA
RobertWalraven-ESG,2020-08-23,2020-08-24T00:36:21Z,NA,NA,v1,NA,NA
RobertWalraven-ESG,2020-08-24,2020-08-24T17:29:42Z,NA,NA,v1,NA,NA
RobertWalraven-ESG,2020-08-30,2020-08-31T03:33:00Z,NA,NA,v1,NA,NA
RobertWalraven-ESG,2020-09-06,2020-09-06T16:57:22Z,NA,NA,v1,NA,NA
RobertWalraven-ESG,2020-09-07,2020-09-07T21:30:28Z,NA,NA,v1,NA,NA
RobertWalraven-ESG,2020-09-21,2020-09-21T18:23:18Z,NA,NA,v1,NA,NA
RobertWalraven-ESG,2020-09-28,2020-09-28T21:15:49Z,NA,NA,v1,NA,NA
RobertWalraven-ESG,2020-10-05,2020-10-06T08:47:29Z,NA,NA,v1,NA,NA
RobertWalraven-ESG,2020-10-12,2020-10-12T22:29:29Z,NA,NA,v1,NA,NA
RobertWalraven-ESG,2020-10-19,2020-10-20T03:09:27Z,NA,NA,v1,NA,NA
RobertWalraven-ESG,2020-10-26,2020-10-26T21:27:52Z,NA,NA,v1,NA,NA
RobertWalraven-ESG,2020-11-02,2020-11-02T19:10:45Z,NA,NA,v1,NA,NA
RobertWalraven-ESG,2020-11-09,2020-11-10T02:12:50Z,NA,NA,v1,NA,NA
